<?xml version = '1.0' encoding = 'UTF-8'?>
<Diagram class="oracle.dbtools.crest.swingui.relational.DPVRelational" name="Relational_1" id="F14A4EC4-DACD-6E91-889A-64509C6FFFC4">
<createdBy>alexandrarms</createdBy>
<modifiedBy>alexandrarms</modifiedBy>
<createdTime>2025-09-15 05:40:54 UTC</createdTime>
<autoRoute>false</autoRoute>
<boxInbox>true</boxInbox>
<showLegend>false</showLegend>
<showLabels>false</showLabels>
<showRelAttributes>false</showRelAttributes>
<gridEnabled>false</gridEnabled>
<showGrid>false</showGrid>
<diagramColor>-1</diagramColor>
<display>false</display>
<notation>1</notation>
<objectViews>
<OView class="oracle.dbtools.crest.swingui.relational.TVTable" oid="0AC79D5C-0843-1F73-9FCE-6F5CFBE5BC42" otype="Table" vid="ABD2F3FA-1B99-0392-C474-EA81C1E2F397">
<hideElementsInCurrentOnly>false</hideElementsInCurrentOnly>
<bounds x="1489" y="49" width="255" height="84"/>
</OView>
<OView class="oracle.dbtools.crest.swingui.relational.TVTable" oid="17237E67-4F5B-16FB-DEBB-64BA8465DDFD" otype="Table" vid="8E63AD69-6A7C-E1FF-5D1B-8C8D2753C4C1">
<hideElementsInCurrentOnly>false</hideElementsInCurrentOnly>
<bounds x="1135" y="437" width="280" height="84"/>
</OView>
<OView class="oracle.dbtools.crest.swingui.relational.TVTable" oid="1E1F4955-CD8A-F5D1-D474-D9EEAFE68B12" otype="Table" vid="0B067522-68BD-FBEA-23E2-4ECC1CC16521">
<hideElementsInCurrentOnly>false</hideElementsInCurrentOnly>
<bounds x="1125" y="536" width="300" height="109"/>
</OView>
<OView class="oracle.dbtools.crest.swingui.relational.TVTable" oid="262A310D-90D6-6734-758F-015D2CC0CD81" otype="Table" vid="983C5ED0-1D4D-B2DF-F33E-30ED0C8DC250">
<hideElementsInCurrentOnly>false</hideElementsInCurrentOnly>
<bounds x="558" y="1011" width="320" height="125"/>
</OView>
<OView class="oracle.dbtools.crest.swingui.relational.TVTable" oid="40258822-70E1-4A41-C40E-0D4E13FB5010" otype="Table" vid="6353D7BE-9BBD-390E-4C2F-57F15E1F1D20">
<hideElementsInCurrentOnly>false</hideElementsInCurrentOnly>
<bounds x="23" y="58" width="323" height="174"/>
</OView>
<OView class="oracle.dbtools.crest.swingui.relational.TVTable" oid="43BC6CAE-4C32-B69A-C59D-67FFEDC4A07B" otype="Table" vid="F673DDF2-FA75-EBF8-A43C-5CAD86134122">
<hideElementsInCurrentOnly>false</hideElementsInCurrentOnly>
<bounds x="49" y="713" width="352" height="191"/>
</OView>
<OView class="oracle.dbtools.crest.swingui.relational.TVTable" oid="5C047403-681A-FD5C-6840-9F73561D7EBB" otype="Table" vid="3C95D418-70D3-1494-8C0F-88768E5EBDF4">
<hideElementsInCurrentOnly>false</hideElementsInCurrentOnly>
<bounds x="1161" y="213" width="227" height="99"/>
</OView>
<OView class="oracle.dbtools.crest.swingui.relational.TVTable" oid="802E7C8A-1E37-E34B-7175-14D345151939" otype="Table" vid="FE0C7A6A-4F26-04B8-7759-43F2B01917C7">
<hideElementsInCurrentOnly>false</hideElementsInCurrentOnly>
<bounds x="1143" y="325" width="260" height="101"/>
</OView>
<OView class="oracle.dbtools.crest.swingui.relational.TVTable" oid="87D17536-0BC4-B169-C72C-687895743FB3" otype="Table" vid="DE5F1A95-7F2E-3B25-7494-C85F818255C2">
<hideElementsInCurrentOnly>false</hideElementsInCurrentOnly>
<bounds x="547" y="302" width="374" height="346"/>
</OView>
<OView class="oracle.dbtools.crest.swingui.relational.TVTable" oid="91EB8728-D603-ECF4-7FB5-EBEC2167FD86" otype="Table" vid="639C23E5-57EC-AEAA-FA2D-C4E9AB24ABF7">
<hideElementsInCurrentOnly>false</hideElementsInCurrentOnly>
<bounds x="404" y="56" width="271" height="171"/>
</OView>
<OView class="oracle.dbtools.crest.swingui.relational.TVTable" oid="AF98C96D-9534-6233-AC6E-C953BDA7E801" otype="Table" vid="14496301-975E-2D96-D59D-CFC0E9B5B378">
<hideElementsInCurrentOnly>false</hideElementsInCurrentOnly>
<bounds x="470" y="730" width="454" height="182"/>
</OView>
<OView class="oracle.dbtools.crest.swingui.relational.TVTable" oid="B07E0C5C-C83B-F8D9-4D4C-AAE16F3F938B" otype="Table" vid="0A4F5FD7-FE2D-6919-0E67-FA309B384FB6">
<hideElementsInCurrentOnly>false</hideElementsInCurrentOnly>
<bounds x="1120" y="27" width="278" height="126"/>
</OView>
<OView class="oracle.dbtools.crest.swingui.relational.TVTable" oid="C1DAFCF9-E201-3E98-1B21-912A1C3A266D" otype="Table" vid="85A76691-30B5-ADD8-486E-3EBAD529F1A5">
<hideElementsInCurrentOnly>false</hideElementsInCurrentOnly>
<bounds x="760" y="36" width="263" height="184"/>
</OView>
<OView class="oracle.dbtools.crest.swingui.relational.TVTable" oid="DD8F8E29-2146-5B3B-12D0-5C41EC0D3351" otype="Table" vid="C9FAFE7F-791B-C8FC-9CC5-63DDB6D86875">
<hideElementsInCurrentOnly>false</hideElementsInCurrentOnly>
<bounds x="83" y="350" width="426" height="287"/>
</OView>
</objectViews>
<connectors>
<Connector class="oracle.dbtools.crest.swingui.relational.TVFKRelation" oid="04BD20D3-BE7D-DAA2-34CC-24687CC06B55" otype="FKIndexAssociation" vid_source="DE5F1A95-7F2E-3B25-7494-C85F818255C2" vid_target="14496301-975E-2D96-D59D-CFC0E9B5B378">
<hideElementsInCurrentOnly>false</hideElementsInCurrentOnly>
<backgroundColor>-16777216</backgroundColor>
<lineWidth>1</lineWidth>
<points>
<point x="734" y="648"/>
<point x="734" y="730"/>
</points>
</Connector>
<Connector class="oracle.dbtools.crest.swingui.relational.TVFKRelation" oid="1278552E-E761-501E-59A4-8BB5EA2225A6" otype="FKIndexAssociation" vid_source="DE5F1A95-7F2E-3B25-7494-C85F818255C2" vid_target="C9FAFE7F-791B-C8FC-9CC5-63DDB6D86875">
<hideElementsInCurrentOnly>false</hideElementsInCurrentOnly>
<backgroundColor>-16777216</backgroundColor>
<lineWidth>1</lineWidth>
<points>
<point x="547" y="493"/>
<point x="422" y="457"/>
</points>
</Connector>
<Connector class="oracle.dbtools.crest.swingui.relational.TVFKRelation" oid="22458C7D-7DF1-8D2E-7405-7D92877A94B7" otype="FKIndexAssociation" vid_source="8E63AD69-6A7C-E1FF-5D1B-8C8D2753C4C1" vid_target="DE5F1A95-7F2E-3B25-7494-C85F818255C2">
<hideElementsInCurrentOnly>false</hideElementsInCurrentOnly>
<backgroundColor>-16777216</backgroundColor>
<lineWidth>1</lineWidth>
<points>
<point x="1135" y="479"/>
<point x="921" y="479"/>
</points>
</Connector>
<Connector class="oracle.dbtools.crest.swingui.relational.TVFKRelation" oid="63241116-297B-96DC-A68A-1E87C20FED5A" otype="FKIndexAssociation" vid_source="85A76691-30B5-ADD8-486E-3EBAD529F1A5" vid_target="639C23E5-57EC-AEAA-FA2D-C4E9AB24ABF7">
<hideElementsInCurrentOnly>false</hideElementsInCurrentOnly>
<backgroundColor>-16777216</backgroundColor>
<lineWidth>1</lineWidth>
<points>
<point x="760" y="153"/>
<point x="675" y="153"/>
</points>
</Connector>
<Connector class="oracle.dbtools.crest.swingui.relational.TVFKRelation" oid="78C9FABE-1B7D-AE04-8C4A-36AB6E077F07" otype="FKIndexAssociation" vid_source="983C5ED0-1D4D-B2DF-F33E-30ED0C8DC250" vid_target="14496301-975E-2D96-D59D-CFC0E9B5B378">
<hideElementsInCurrentOnly>false</hideElementsInCurrentOnly>
<backgroundColor>-16777216</backgroundColor>
<lineWidth>1</lineWidth>
<points>
<point x="718" y="1011"/>
<point x="718" y="912"/>
</points>
</Connector>
<Connector class="oracle.dbtools.crest.swingui.relational.TVFKRelation" oid="7A23E5D1-C8FB-CF17-24F1-B43F7ADF9A58" otype="FKIndexAssociation" vid_source="0B067522-68BD-FBEA-23E2-4ECC1CC16521" vid_target="DE5F1A95-7F2E-3B25-7494-C85F818255C2">
<hideElementsInCurrentOnly>false</hideElementsInCurrentOnly>
<backgroundColor>-16777216</backgroundColor>
<lineWidth>1</lineWidth>
<points>
<point x="1125" y="590"/>
<point x="921" y="590"/>
</points>
</Connector>
<Connector class="oracle.dbtools.crest.swingui.relational.TVFKRelation" oid="8274258A-4D51-9D6C-4963-2D0A7430F8BE" otype="FKIndexAssociation" vid_source="639C23E5-57EC-AEAA-FA2D-C4E9AB24ABF7" vid_target="C9FAFE7F-791B-C8FC-9CC5-63DDB6D86875">
<hideElementsInCurrentOnly>false</hideElementsInCurrentOnly>
<backgroundColor>-16777216</backgroundColor>
<lineWidth>1</lineWidth>
<points>
<point x="456" y="227"/>
<point x="422" y="350"/>
</points>
</Connector>
<Connector class="oracle.dbtools.crest.swingui.relational.TVFKRelation" oid="889CFE43-9930-8893-A29D-A2AB9062FFC3" otype="FKIndexAssociation" vid_source="FE0C7A6A-4F26-04B8-7759-43F2B01917C7" vid_target="DE5F1A95-7F2E-3B25-7494-C85F818255C2">
<hideElementsInCurrentOnly>false</hideElementsInCurrentOnly>
<backgroundColor>-16777216</backgroundColor>
<lineWidth>1</lineWidth>
<points>
<point x="1143" y="375"/>
<point x="921" y="375"/>
</points>
</Connector>
<Connector class="oracle.dbtools.crest.swingui.relational.TVFKRelation" oid="8A1EEF1E-3ED2-7884-1EA8-8EF2442CCCFB" otype="FKIndexAssociation" vid_source="0A4F5FD7-FE2D-6919-0E67-FA309B384FB6" vid_target="85A76691-30B5-ADD8-486E-3EBAD529F1A5">
<hideElementsInCurrentOnly>false</hideElementsInCurrentOnly>
<backgroundColor>-16777216</backgroundColor>
<lineWidth>1</lineWidth>
<points>
<point x="1120" y="94"/>
<point x="1023" y="94"/>
</points>
</Connector>
<Connector class="oracle.dbtools.crest.swingui.relational.TVFKRelation" oid="93D6DCF2-6DE1-366C-53C7-5999BF97947A" otype="FKIndexAssociation" vid_source="ABD2F3FA-1B99-0392-C474-EA81C1E2F397" vid_target="0A4F5FD7-FE2D-6919-0E67-FA309B384FB6">
<hideElementsInCurrentOnly>false</hideElementsInCurrentOnly>
<backgroundColor>-16777216</backgroundColor>
<lineWidth>1</lineWidth>
<points>
<point x="1489" y="91"/>
<point x="1398" y="91"/>
</points>
</Connector>
<Connector class="oracle.dbtools.crest.swingui.relational.TVFKRelation" oid="BEC0E954-A8EE-8962-C11B-E65A92870DF1" otype="FKIndexAssociation" vid_source="C9FAFE7F-791B-C8FC-9CC5-63DDB6D86875" vid_target="6353D7BE-9BBD-390E-4C2F-57F15E1F1D20">
<hideElementsInCurrentOnly>false</hideElementsInCurrentOnly>
<backgroundColor>-16777216</backgroundColor>
<lineWidth>1</lineWidth>
<points>
<point x="146" y="350"/>
<point x="199" y="232"/>
</points>
</Connector>
<Connector class="oracle.dbtools.crest.swingui.relational.TVFKRelation" oid="C0DB1001-8138-5E41-BD11-22BF30747CB8" otype="FKIndexAssociation" vid_source="6353D7BE-9BBD-390E-4C2F-57F15E1F1D20" vid_target="C9FAFE7F-791B-C8FC-9CC5-63DDB6D86875">
<hideElementsInCurrentOnly>false</hideElementsInCurrentOnly>
<backgroundColor>-16777216</backgroundColor>
<lineWidth>1</lineWidth>
<points>
<point x="214" y="232"/>
<point x="214" y="294"/>
</points>
</Connector>
<Connector class="oracle.dbtools.crest.swingui.relational.TVFKRelation" oid="C12571BC-B024-40E8-A50C-435D750F2954" otype="FKIndexAssociation" vid_source="14496301-975E-2D96-D59D-CFC0E9B5B378" vid_target="F673DDF2-FA75-EBF8-A43C-5CAD86134122">
<hideElementsInCurrentOnly>false</hideElementsInCurrentOnly>
<backgroundColor>-16777216</backgroundColor>
<lineWidth>1</lineWidth>
<points>
<point x="470" y="817"/>
<point x="401" y="817"/>
</points>
</Connector>
<Connector class="oracle.dbtools.crest.swingui.relational.TVFKRelation" oid="C93F3FAF-5BD1-3B9E-87E3-35B59B446010" otype="FKIndexAssociation" vid_source="DE5F1A95-7F2E-3B25-7494-C85F818255C2" vid_target="DE5F1A95-7F2E-3B25-7494-C85F818255C2">
<hideElementsInCurrentOnly>false</hideElementsInCurrentOnly>
<backgroundColor>-16777216</backgroundColor>
<lineWidth>1</lineWidth>
<points>
<point x="899" y="493"/>
<point x="899" y="491"/>
<point x="900" y="444"/>
<point x="900" y="364"/>
<point x="900" y="349"/>
</points>
</Connector>
<Connector class="oracle.dbtools.crest.swingui.relational.TVFKRelation" oid="CC246F80-11E8-C50E-6F9D-0A4FF1827E7C" otype="FKIndexAssociation" vid_source="85A76691-30B5-ADD8-486E-3EBAD529F1A5" vid_target="DE5F1A95-7F2E-3B25-7494-C85F818255C2">
<hideElementsInCurrentOnly>false</hideElementsInCurrentOnly>
<backgroundColor>-16777216</backgroundColor>
<lineWidth>1</lineWidth>
<points>
<point x="840" y="220"/>
<point x="840" y="302"/>
</points>
</Connector>
<Connector class="oracle.dbtools.crest.swingui.relational.TVFKRelation" oid="D5CD5D57-7FAB-3609-5E81-A0CCECD3A579" otype="FKIndexAssociation" vid_source="3C95D418-70D3-1494-8C0F-88768E5EBDF4" vid_target="DE5F1A95-7F2E-3B25-7494-C85F818255C2">
<hideElementsInCurrentOnly>false</hideElementsInCurrentOnly>
<backgroundColor>-16777216</backgroundColor>
<lineWidth>1</lineWidth>
<points>
<point x="1161" y="307"/>
<point x="921" y="307"/>
</points>
</Connector>
<Connector class="oracle.dbtools.crest.swingui.relational.TVFKRelation" oid="DBCE5649-F015-B763-750C-7835DC380A94" otype="FKIndexAssociation" vid_source="85A76691-30B5-ADD8-486E-3EBAD529F1A5" vid_target="DE5F1A95-7F2E-3B25-7494-C85F818255C2">
<hideElementsInCurrentOnly>false</hideElementsInCurrentOnly>
<backgroundColor>-16777216</backgroundColor>
<lineWidth>1</lineWidth>
<points>
<point x="855" y="220"/>
<point x="855" y="302"/>
</points>
</Connector>
<Connector class="oracle.dbtools.crest.swingui.relational.TVFKRelation" oid="F230A2BA-D18D-DFCC-F59F-2AC080D225C7" otype="FKIndexAssociation" vid_source="85A76691-30B5-ADD8-486E-3EBAD529F1A5" vid_target="639C23E5-57EC-AEAA-FA2D-C4E9AB24ABF7">
<hideElementsInCurrentOnly>false</hideElementsInCurrentOnly>
<backgroundColor>-16777216</backgroundColor>
<lineWidth>1</lineWidth>
<points>
<point x="760" y="138"/>
<point x="675" y="138"/>
</points>
</Connector>
<Connector class="oracle.dbtools.crest.swingui.relational.TVFKRelation" oid="F417AC13-920D-5AE7-463F-09BDDB08141E" otype="FKIndexAssociation" vid_source="C9FAFE7F-791B-C8FC-9CC5-63DDB6D86875" vid_target="14496301-975E-2D96-D59D-CFC0E9B5B378">
<hideElementsInCurrentOnly>false</hideElementsInCurrentOnly>
<backgroundColor>-16777216</backgroundColor>
<lineWidth>1</lineWidth>
<points>
<point x="422" y="457"/>
<point x="504" y="730"/>
</points>
</Connector>
</connectors>
<arcs>
<Arc class="oracle.dbtools.crest.swingui.relational.TVFKArc" oid="D8DCC667-78A9-BFD9-7798-0E2227BCE8DC" otype="FKArc" vid="FA5B56D4-59D8-00EB-1B36-26AF83DE3C42">
<hideElementsInCurrentOnly>false</hideElementsInCurrentOnly>
<bounds x="740" y="16" width="303" height="224"/>
</Arc>
</arcs>
</Diagram>