<?xml version = '1.0' encoding = 'UTF-8'?>
<Entity class="oracle.dbtools.crest.model.design.logical.Entity" directorySegmentName="seg_0" id="1B45C09A-DDA9-5801-417A-B235DCC64468" name="PAGO">
<createdBy>alexandrarms</createdBy>
<createdTime>2025-09-15 04:44:05 UTC</createdTime>
<ownerDesignName>CENTROMEDICOU</ownerDesignName>
<engineerTo>
<item key="96E985E7-43CA-8CF7-3466-73CABD6FA129" value="true"/>
</engineerTo>
<adequatelyNormalized>NO</adequatelyNormalized>
<expectedVolumes>0</expectedVolumes>
<fwdEngineeringStrategyName>Single Table</fwdEngineeringStrategyName>
<growthPercent>0</growthPercent>
<growthType>Year</growthType>
<maxVolumes>9999999</maxVolumes>
<minVolumes>0</minVolumes>
<normalForm>Third</normalForm>
<attributes itemClass="oracle.dbtools.crest.model.design.logical.Attribute">
<Attribute name="id_pago" id="11824D28-5647-20DA-D58A-EBEB3102DC6D">
<createdBy>alexandrarms</createdBy>
<createdTime>2025-09-15 04:44:11 UTC</createdTime>
<ownerDesignName>CENTROMEDICOU</ownerDesignName>
<engineerTo>
<item key="96E985E7-43CA-8CF7-3466-73CABD6FA129" value="true"/>
</engineerTo>
<useDomainConstraints>false</useDomainConstraints>
<use>1</use>
<logicalDatatype>LOGDT019</logicalDatatype>
<ownDataTypeParameters>,,</ownDataTypeParameters>
</Attribute>
<Attribute name="monto" id="5370D874-79F7-E39B-E7C9-614D66BE22EE">
<createdBy>alexandrarms</createdBy>
<createdTime>2025-09-15 04:44:27 UTC</createdTime>
<ownerDesignName>CENTROMEDICOU</ownerDesignName>
<engineerTo>
<item key="96E985E7-43CA-8CF7-3466-73CABD6FA129" value="true"/>
</engineerTo>
<constraintName>CK_PAGO_MONTO</constraintName>
<useDomainConstraints>false</useDomainConstraints>
<use>1</use>
<logicalDatatype>LOGDT019</logicalDatatype>
<dataTypePrecision>12</dataTypePrecision>
<dataTypeScale>2</dataTypeScale>
<checkConstraint>
<implementationDef dbType="Generic Constraint" definition="monto &gt;=0"/>
</checkConstraint>
<ownDataTypeParameters>,12,2</ownDataTypeParameters>
</Attribute>
<Attribute name="tipo_pago" id="2C65B4BA-BF2F-2939-DF1D-1B2433F2A822">
<createdBy>alexandrarms</createdBy>
<createdTime>2025-09-15 04:44:55 UTC</createdTime>
<ownerDesignName>CENTROMEDICOU</ownerDesignName>
<engineerTo>
<item key="96E985E7-43CA-8CF7-3466-73CABD6FA129" value="true"/>
</engineerTo>
<constraintName>CK_PAGO_TIPO_PAGO</constraintName>
<useDomainConstraints>false</useDomainConstraints>
<use>1</use>
<logicalDatatype>LOGDT024</logicalDatatype>
<dataTypeSize>20 CHAR</dataTypeSize>
<listOfValues>
<valueDef value="&apos;CONVENIO&apos;" description=""/>
<valueDef value="&apos;EFECTIVO&apos;" description=""/>
<valueDef value="&apos;TARJETA&apos;" description=""/>
</listOfValues>
<ownDataTypeParameters>20 CHAR,,</ownDataTypeParameters>
</Attribute>
<Attribute name="fecha_pago" id="0ACA6ED4-2D00-659E-84AE-14C015A9A5C8">
<createdBy>alexandrarms</createdBy>
<createdTime>2025-09-15 04:45:16 UTC</createdTime>
<ownerDesignName>CENTROMEDICOU</ownerDesignName>
<engineerTo>
<item key="96E985E7-43CA-8CF7-3466-73CABD6FA129" value="true"/>
</engineerTo>
<useDomainConstraints>false</useDomainConstraints>
<use>1</use>
<logicalDatatype>LOGDT007</logicalDatatype>
<ownDataTypeParameters>,,</ownDataTypeParameters>
</Attribute>
<Attribute name="detalle" id="40F41ECE-0256-28CE-C48E-55EF199BC224">
<createdBy>alexandrarms</createdBy>
<createdTime>2025-09-15 04:45:27 UTC</createdTime>
<ownerDesignName>CENTROMEDICOU</ownerDesignName>
<engineerTo>
<item key="96E985E7-43CA-8CF7-3466-73CABD6FA129" value="true"/>
</engineerTo>
<nullsAllowed>true</nullsAllowed>
<useDomainConstraints>false</useDomainConstraints>
<use>1</use>
<logicalDatatype>LOGDT024</logicalDatatype>
<dataTypeSize>4000 CHAR</dataTypeSize>
<ownDataTypeParameters>4000 CHAR,,</ownDataTypeParameters>
</Attribute>
<Attribute name="id_atencion" id="34124770-F3D9-92F0-5F3D-C28D422288D4">
<createdBy>alexandrarms</createdBy>
<createdTime>2025-09-15 05:05:10 UTC</createdTime>
<generatorID>89DBBB0D-0FE7-82C0-EBA2-DB1F5111140F</generatorID>
<ownerDesignName>CENTROMEDICOU</ownerDesignName>
<engineerTo>
<item key="96E985E7-43CA-8CF7-3466-73CABD6FA129" value="true"/>
</engineerTo>
<referedAttribute>14A65BF1-3156-295F-9FFA-43C4588701F8</referedAttribute>
<useDomainConstraints>false</useDomainConstraints>
<use>1</use>
<logicalDatatype>LOGDT019</logicalDatatype>
<ownDataTypeParameters>,,</ownDataTypeParameters>
</Attribute>
</attributes>
<identifiers itemClass="oracle.dbtools.crest.model.design.logical.CandidateKey">
<identifier id="B8C071A4-8657-C817-570C-4C5D465FEB3B" name="PAGO PK">
<createdBy>alexandrarms</createdBy>
<createdTime>2025-09-15 04:44:24 UTC</createdTime>
<ownerDesignName>CENTROMEDICOU</ownerDesignName>
<shouldEngineer>false</shouldEngineer>
<engineerTo>
<item key="96E985E7-43CA-8CF7-3466-73CABD6FA129" value="false"/>
</engineerTo>
<pk>true</pk>
<usedAttributes>
<attributeRef>11824D28-5647-20DA-D58A-EBEB3102DC6D</attributeRef>
</usedAttributes>
</identifier>
</identifiers>
</Entity>