<?xml version = '1.0' encoding = 'UTF-8'?>
<Entity class="oracle.dbtools.crest.model.design.logical.Entity" directorySegmentName="seg_0" id="4CF0263C-A2DF-FBA5-4AEF-A2A7EFBB8B45" name="INSTITUCION_SALUD">
<createdBy>alexandrarms</createdBy>
<createdTime>2025-09-13 18:46:13 UTC</createdTime>
<ownerDesignName>CENTROMEDICOU</ownerDesignName>
<engineerTo>
<item key="96E985E7-43CA-8CF7-3466-73CABD6FA129" value="true"/>
</engineerTo>
<adequatelyNormalized>NO</adequatelyNormalized>
<expectedVolumes>0</expectedVolumes>
<fwdEngineeringStrategyName>Single Table</fwdEngineeringStrategyName>
<growthPercent>0</growthPercent>
<growthType>Year</growthType>
<maxVolumes>9999999</maxVolumes>
<minVolumes>0</minVolumes>
<normalForm>Third</normalForm>
<attributes itemClass="oracle.dbtools.crest.model.design.logical.Attribute">
<Attribute name="id_institucion" id="030150BD-B87A-4F3F-FDDD-C8CE90EAF3C7">
<createdBy>alexandrarms</createdBy>
<createdTime>2025-09-13 18:47:18 UTC</createdTime>
<ownerDesignName>CENTROMEDICOU</ownerDesignName>
<engineerTo>
<item key="96E985E7-43CA-8CF7-3466-73CABD6FA129" value="true"/>
</engineerTo>
<useDomainConstraints>false</useDomainConstraints>
<use>1</use>
<logicalDatatype>LOGDT019</logicalDatatype>
<ownDataTypeParameters>,,</ownDataTypeParameters>
</Attribute>
<Attribute name="codigo_institucion" id="205E6896-121B-40D4-6EA0-89599B70F9C0">
<createdBy>alexandrarms</createdBy>
<createdTime>2025-09-13 18:48:17 UTC</createdTime>
<ownerDesignName>CENTROMEDICOU</ownerDesignName>
<engineerTo>
<item key="96E985E7-43CA-8CF7-3466-73CABD6FA129" value="true"/>
</engineerTo>
<useDomainConstraints>false</useDomainConstraints>
<use>1</use>
<logicalDatatype>LOGDT024</logicalDatatype>
<dataTypeSize>20 CHAR</dataTypeSize>
<ownDataTypeParameters>20 CHAR,,</ownDataTypeParameters>
</Attribute>
<Attribute name="nombre_institucion" id="94CCCEE0-29A4-A6FC-E23A-94D36EBC5760">
<createdBy>alexandrarms</createdBy>
<createdTime>2025-09-13 18:48:31 UTC</createdTime>
<ownerDesignName>CENTROMEDICOU</ownerDesignName>
<engineerTo>
<item key="96E985E7-43CA-8CF7-3466-73CABD6FA129" value="true"/>
</engineerTo>
<useDomainConstraints>false</useDomainConstraints>
<use>1</use>
<logicalDatatype>LOGDT024</logicalDatatype>
<dataTypeSize>200 CHAR</dataTypeSize>
<ownDataTypeParameters>200 CHAR,,</ownDataTypeParameters>
</Attribute>
<Attribute name="tipo_institucion" id="5B083CEE-D1E9-6BDB-9D8F-BE71632D0F41">
<createdBy>alexandrarms</createdBy>
<createdTime>2025-09-15 04:29:01 UTC</createdTime>
<ownerDesignName>CENTROMEDICOU</ownerDesignName>
<engineerTo>
<item key="96E985E7-43CA-8CF7-3466-73CABD6FA129" value="true"/>
</engineerTo>
<constraintName>CK_INSTITUCIÓN_SALUD_TIPO_INSTITUCIÓN</constraintName>
<useDomainConstraints>false</useDomainConstraints>
<use>1</use>
<logicalDatatype>LOGDT024</logicalDatatype>
<dataTypeSize>10 CHAR</dataTypeSize>
<listOfValues>
<valueDef value="&apos;FONASA&apos;" description=""/>
<valueDef value="&apos;ISAPRE&apos;" description=""/>
</listOfValues>
<ownDataTypeParameters>10 CHAR,,</ownDataTypeParameters>
</Attribute>
</attributes>
<identifiers itemClass="oracle.dbtools.crest.model.design.logical.CandidateKey">
<identifier id="28D3AB74-AA45-9422-D783-1E445E72B6B1" name="INSTITUCIÓN_SALUD PK">
<createdBy>alexandrarms</createdBy>
<createdTime>2025-09-13 18:48:16 UTC</createdTime>
<ownerDesignName>CENTROMEDICOU</ownerDesignName>
<shouldEngineer>false</shouldEngineer>
<engineerTo>
<item key="96E985E7-43CA-8CF7-3466-73CABD6FA129" value="false"/>
</engineerTo>
<pk>true</pk>
<usedAttributes>
<attributeRef>030150BD-B87A-4F3F-FDDD-C8CE90EAF3C7</attributeRef>
</usedAttributes>
</identifier>
<identifier id="F92F2686-0920-E913-779D-3969FF03BA1F" name="UK_CODE_INSTIT">
<createdBy>alexandrarms</createdBy>
<createdTime>2025-09-15 04:29:27 UTC</createdTime>
<ownerDesignName>CENTROMEDICOU</ownerDesignName>
<shouldEngineer>false</shouldEngineer>
<engineerTo>
<item key="96E985E7-43CA-8CF7-3466-73CABD6FA129" value="false"/>
</engineerTo>
<newElementsIDs>205E6896-121B-40D4-6EA0-89599B70F9C0</newElementsIDs>
<usedAttributes>
<attributeRef>205E6896-121B-40D4-6EA0-89599B70F9C0</attributeRef>
</usedAttributes>
</identifier>
</identifiers>
</Entity>