<?xml version = '1.0' encoding = 'UTF-8'?>
<Entity class="oracle.dbtools.crest.model.design.logical.Entity" directorySegmentName="seg_0" id="5624162E-2E20-752D-E346-C6968C17522D" name="COMUNA">
<createdBy>alexandrarms</createdBy>
<createdTime>2025-09-13 18:39:08 UTC</createdTime>
<ownerDesignName>CENTROMEDICOU</ownerDesignName>
<engineerTo>
<item key="96E985E7-43CA-8CF7-3466-73CABD6FA129" value="true"/>
</engineerTo>
<adequatelyNormalized>NO</adequatelyNormalized>
<expectedVolumes>0</expectedVolumes>
<fwdEngineeringStrategyName>Single Table</fwdEngineeringStrategyName>
<growthPercent>0</growthPercent>
<growthType>Year</growthType>
<maxVolumes>9999999</maxVolumes>
<minVolumes>0</minVolumes>
<normalForm>Third</normalForm>
<attributes itemClass="oracle.dbtools.crest.model.design.logical.Attribute">
<Attribute name="id_comuna" id="5C01F634-2679-8D49-8543-4560F2ED5F6A">
<createdBy>alexandrarms</createdBy>
<createdTime>2025-09-13 18:40:01 UTC</createdTime>
<ownerDesignName>CENTROMEDICOU</ownerDesignName>
<engineerTo>
<item key="96E985E7-43CA-8CF7-3466-73CABD6FA129" value="true"/>
</engineerTo>
<useDomainConstraints>false</useDomainConstraints>
<use>1</use>
<logicalDatatype>LOGDT019</logicalDatatype>
<ownDataTypeParameters>,,</ownDataTypeParameters>
</Attribute>
<Attribute name="nombre_comuna" id="E80E8FB9-3DE2-86D7-25A5-62CB02F65423">
<createdBy>alexandrarms</createdBy>
<createdTime>2025-09-13 18:40:41 UTC</createdTime>
<ownerDesignName>CENTROMEDICOU</ownerDesignName>
<engineerTo>
<item key="96E985E7-43CA-8CF7-3466-73CABD6FA129" value="true"/>
</engineerTo>
<useDomainConstraints>false</useDomainConstraints>
<use>1</use>
<logicalDatatype>LOGDT024</logicalDatatype>
<dataTypeSize>100 CHAR</dataTypeSize>
<ownDataTypeParameters>100 CHAR,,</ownDataTypeParameters>
</Attribute>
<Attribute name="id_region" id="388B382A-8D25-F5A8-2C25-58158A7439A0">
<createdBy>alexandrarms</createdBy>
<createdTime>2025-09-15 05:01:21 UTC</createdTime>
<generatorID>E1B18A50-346B-80B5-5586-F98C6F696F5D</generatorID>
<ownerDesignName>CENTROMEDICOU</ownerDesignName>
<engineerTo>
<item key="96E985E7-43CA-8CF7-3466-73CABD6FA129" value="true"/>
</engineerTo>
<referedAttribute>19733DA3-EF37-E0D7-BD11-14ED4B553728</referedAttribute>
<useDomainConstraints>false</useDomainConstraints>
<use>1</use>
<logicalDatatype>LOGDT019</logicalDatatype>
<ownDataTypeParameters>,,</ownDataTypeParameters>
</Attribute>
</attributes>
<identifiers itemClass="oracle.dbtools.crest.model.design.logical.CandidateKey">
<identifier id="724AF408-35AC-C946-2D1D-1F7A1CF3C27D" name="COMUNA PK">
<createdBy>alexandrarms</createdBy>
<createdTime>2025-09-13 18:40:19 UTC</createdTime>
<ownerDesignName>CENTROMEDICOU</ownerDesignName>
<shouldEngineer>false</shouldEngineer>
<engineerTo>
<item key="96E985E7-43CA-8CF7-3466-73CABD6FA129" value="false"/>
</engineerTo>
<pk>true</pk>
<usedAttributes>
<attributeRef>5C01F634-2679-8D49-8543-4560F2ED5F6A</attributeRef>
</usedAttributes>
</identifier>
<identifier id="3C238A54-5C62-C582-13FF-4DFDC0F51D49" name="UK_NOMBRE_COMUNA">
<createdBy>alexandrarms</createdBy>
<createdTime>2025-09-15 04:21:15 UTC</createdTime>
<ownerDesignName>CENTROMEDICOU</ownerDesignName>
<shouldEngineer>false</shouldEngineer>
<engineerTo>
<item key="96E985E7-43CA-8CF7-3466-73CABD6FA129" value="false"/>
</engineerTo>
<newElementsIDs>E80E8FB9-3DE2-86D7-25A5-62CB02F65423</newElementsIDs>
<usedAttributes>
<attributeRef>E80E8FB9-3DE2-86D7-25A5-62CB02F65423</attributeRef>
</usedAttributes>
</identifier>
</identifiers>
</Entity>