<?xml version = '1.0' encoding = 'UTF-8'?>
<Entity class="oracle.dbtools.crest.model.design.logical.Entity" directorySegmentName="seg_0" id="6378DD58-9430-588E-F0A2-73D43C7596B9" name="UNIDAD_ATENCION">
<createdBy>alexandrarms</createdBy>
<createdTime>2025-09-13 18:50:57 UTC</createdTime>
<ownerDesignName>CENTROMEDICOU</ownerDesignName>
<engineerTo>
<item key="96E985E7-43CA-8CF7-3466-73CABD6FA129" value="true"/>
</engineerTo>
<adequatelyNormalized>NO</adequatelyNormalized>
<expectedVolumes>0</expectedVolumes>
<fwdEngineeringStrategyName>Single Table</fwdEngineeringStrategyName>
<growthPercent>0</growthPercent>
<growthType>Year</growthType>
<maxVolumes>9999999</maxVolumes>
<minVolumes>0</minVolumes>
<normalForm>Third</normalForm>
<attributes itemClass="oracle.dbtools.crest.model.design.logical.Attribute">
<Attribute name="id_unidad" id="2C6CB8CD-28AB-9375-5EC2-70F10D67FB98">
<createdBy>alexandrarms</createdBy>
<createdTime>2025-09-13 18:51:12 UTC</createdTime>
<ownerDesignName>CENTROMEDICOU</ownerDesignName>
<engineerTo>
<item key="96E985E7-43CA-8CF7-3466-73CABD6FA129" value="true"/>
</engineerTo>
<useDomainConstraints>false</useDomainConstraints>
<use>1</use>
<logicalDatatype>LOGDT019</logicalDatatype>
<ownDataTypeParameters>,,</ownDataTypeParameters>
</Attribute>
<Attribute name="nombre_unidad" id="B90395D4-A6DF-CD21-AB6B-03C3835508B6">
<createdBy>alexandrarms</createdBy>
<createdTime>2025-09-13 18:52:27 UTC</createdTime>
<ownerDesignName>CENTROMEDICOU</ownerDesignName>
<engineerTo>
<item key="96E985E7-43CA-8CF7-3466-73CABD6FA129" value="true"/>
</engineerTo>
<useDomainConstraints>false</useDomainConstraints>
<use>1</use>
<logicalDatatype>LOGDT024</logicalDatatype>
<dataTypeSize>100 CHAR</dataTypeSize>
<ownDataTypeParameters>100 CHAR,,</ownDataTypeParameters>
</Attribute>
<Attribute name="descripcion" id="87F833C4-2874-950B-EF27-C58C8DDB5850">
<createdBy>alexandrarms</createdBy>
<createdTime>2025-09-13 18:52:43 UTC</createdTime>
<ownerDesignName>CENTROMEDICOU</ownerDesignName>
<engineerTo>
<item key="96E985E7-43CA-8CF7-3466-73CABD6FA129" value="true"/>
</engineerTo>
<nullsAllowed>true</nullsAllowed>
<useDomainConstraints>false</useDomainConstraints>
<use>1</use>
<logicalDatatype>LOGDT024</logicalDatatype>
<dataTypeSize>4000 CHAR</dataTypeSize>
<ownDataTypeParameters>4000 CHAR,,</ownDataTypeParameters>
</Attribute>
</attributes>
<identifiers itemClass="oracle.dbtools.crest.model.design.logical.CandidateKey">
<identifier id="302DAE4A-83D6-B925-2D27-5B40A6CC645E" name="UNIDAD_DE_ATENCIÓN PK">
<createdBy>alexandrarms</createdBy>
<createdTime>2025-09-13 18:52:24 UTC</createdTime>
<ownerDesignName>CENTROMEDICOU</ownerDesignName>
<shouldEngineer>false</shouldEngineer>
<engineerTo>
<item key="96E985E7-43CA-8CF7-3466-73CABD6FA129" value="false"/>
</engineerTo>
<pk>true</pk>
<usedAttributes>
<attributeRef>2C6CB8CD-28AB-9375-5EC2-70F10D67FB98</attributeRef>
</usedAttributes>
</identifier>
<identifier id="EDC7835F-376C-2F71-6099-0C020C12C1AB" name="UK_NOMBRE_UNIDAD">
<createdBy>alexandrarms</createdBy>
<createdTime>2025-09-15 04:32:24 UTC</createdTime>
<ownerDesignName>CENTROMEDICOU</ownerDesignName>
<shouldEngineer>false</shouldEngineer>
<engineerTo>
<item key="96E985E7-43CA-8CF7-3466-73CABD6FA129" value="false"/>
</engineerTo>
<newElementsIDs>B90395D4-A6DF-CD21-AB6B-03C3835508B6</newElementsIDs>
<usedAttributes>
<attributeRef>B90395D4-A6DF-CD21-AB6B-03C3835508B6</attributeRef>
</usedAttributes>
</identifier>
</identifiers>
</Entity>