<?xml version = '1.0' encoding = 'UTF-8'?>
<Entity class="oracle.dbtools.crest.model.design.logical.Entity" directorySegmentName="seg_0" id="674DC3DA-FE6C-DF06-0D81-3ACD4A5B1D14" name="MEDICO">
<createdBy>alexandrarms</createdBy>
<createdTime>2025-09-13 18:42:32 UTC</createdTime>
<ownerDesignName>CENTROMEDICOU</ownerDesignName>
<engineerTo>
<item key="96E985E7-43CA-8CF7-3466-73CABD6FA129" value="true"/>
</engineerTo>
<adequatelyNormalized>NO</adequatelyNormalized>
<expectedVolumes>0</expectedVolumes>
<fwdEngineeringStrategyName>Single Table</fwdEngineeringStrategyName>
<growthPercent>0</growthPercent>
<growthType>Year</growthType>
<hierarchicalParent>B7D4E72A-46C4-EB17-16F5-4028EE3296A5</hierarchicalParent>
<maxVolumes>9999999</maxVolumes>
<minVolumes>0</minVolumes>
<normalForm>Third</normalForm>
<attributes itemClass="oracle.dbtools.crest.model.design.logical.Attribute">
<Attribute name="rut_persona" id="712560D3-A303-CF7F-1833-2B057FD972BA">
<createdBy>alexandrarms</createdBy>
<createdTime>2025-09-13 18:42:41 UTC</createdTime>
<ownerDesignName>CENTROMEDICOU</ownerDesignName>
<engineerTo>
<item key="96E985E7-43CA-8CF7-3466-73CABD6FA129" value="true"/>
</engineerTo>
<useDomainConstraints>false</useDomainConstraints>
<use>1</use>
<logicalDatatype>LOGDT024</logicalDatatype>
<dataTypeSize>20 CHAR</dataTypeSize>
<ownDataTypeParameters>20 CHAR,,</ownDataTypeParameters>
</Attribute>
<Attribute name="fecha_ingreso" id="1ACA9360-E085-202E-D4A4-67FC867B0813">
<createdBy>alexandrarms</createdBy>
<createdTime>2025-09-13 18:43:18 UTC</createdTime>
<ownerDesignName>CENTROMEDICOU</ownerDesignName>
<engineerTo>
<item key="96E985E7-43CA-8CF7-3466-73CABD6FA129" value="true"/>
</engineerTo>
<useDomainConstraints>false</useDomainConstraints>
<use>1</use>
<logicalDatatype>LOGDT007</logicalDatatype>
<ownDataTypeParameters>,,</ownDataTypeParameters>
</Attribute>
<Attribute name="id_unidad" id="777E6C31-D5D4-F6C1-72C6-B70C6260AFA7">
<createdBy>alexandrarms</createdBy>
<createdTime>2025-09-15 05:02:02 UTC</createdTime>
<generatorID>7BA6ECDB-87F1-102D-E2DB-8ACED2C66B44</generatorID>
<ownerDesignName>CENTROMEDICOU</ownerDesignName>
<engineerTo>
<item key="96E985E7-43CA-8CF7-3466-73CABD6FA129" value="true"/>
</engineerTo>
<referedAttribute>2C6CB8CD-28AB-9375-5EC2-70F10D67FB98</referedAttribute>
<useDomainConstraints>false</useDomainConstraints>
<use>1</use>
<logicalDatatype>LOGDT019</logicalDatatype>
<ownDataTypeParameters>,,</ownDataTypeParameters>
</Attribute>
<Attribute name="id_especialidad" id="9A9F6A0F-5E9D-B009-03A7-9038FD05EB40">
<createdBy>alexandrarms</createdBy>
<createdTime>2025-09-15 05:02:18 UTC</createdTime>
<generatorID>0460AE4F-29DD-62A7-7BC1-5463CA8C612C</generatorID>
<ownerDesignName>CENTROMEDICOU</ownerDesignName>
<engineerTo>
<item key="96E985E7-43CA-8CF7-3466-73CABD6FA129" value="true"/>
</engineerTo>
<referedAttribute>4B8398BC-6178-08B4-5037-580692CE6FDA</referedAttribute>
<useDomainConstraints>false</useDomainConstraints>
<use>1</use>
<logicalDatatype>LOGDT019</logicalDatatype>
<ownDataTypeParameters>,,</ownDataTypeParameters>
</Attribute>
<Attribute name="id_afp" id="B222D86E-99E2-FAC6-E21A-78D872FA0788">
<createdBy>alexandrarms</createdBy>
<createdTime>2025-09-15 05:02:34 UTC</createdTime>
<generatorID>EBCC6C6E-D37D-E11C-9747-4BD58394856B</generatorID>
<ownerDesignName>CENTROMEDICOU</ownerDesignName>
<engineerTo>
<item key="96E985E7-43CA-8CF7-3466-73CABD6FA129" value="true"/>
</engineerTo>
<referedAttribute>47E0B421-DC5C-AACA-3FBE-3F16C942221C</referedAttribute>
<useDomainConstraints>false</useDomainConstraints>
<use>1</use>
<logicalDatatype>LOGDT019</logicalDatatype>
<ownDataTypeParameters>,,</ownDataTypeParameters>
</Attribute>
<Attribute name="id_institucion" id="92D901D4-4AD6-BCE8-9B2D-3EACA2D3913D">
<createdBy>alexandrarms</createdBy>
<createdTime>2025-09-15 05:02:57 UTC</createdTime>
<generatorID>A01C19B2-BF62-1F3E-1767-81D4D8317EE4</generatorID>
<ownerDesignName>CENTROMEDICOU</ownerDesignName>
<engineerTo>
<item key="96E985E7-43CA-8CF7-3466-73CABD6FA129" value="true"/>
</engineerTo>
<referedAttribute>030150BD-B87A-4F3F-FDDD-C8CE90EAF3C7</referedAttribute>
<useDomainConstraints>false</useDomainConstraints>
<use>1</use>
<logicalDatatype>LOGDT019</logicalDatatype>
<ownDataTypeParameters>,,</ownDataTypeParameters>
</Attribute>
<Attribute name="rut_persona2" id="60AB04EE-BAE5-90E8-DE89-020A3EF0D660">
<createdBy>alexandrarms</createdBy>
<createdTime>2025-09-15 05:08:42 UTC</createdTime>
<generatorID>7EA6760A-B079-20B1-C5CA-B8B9265FBA9D</generatorID>
<ownerDesignName>CENTROMEDICOU</ownerDesignName>
<engineerTo>
<item key="96E985E7-43CA-8CF7-3466-73CABD6FA129" value="true"/>
</engineerTo>
<nullsAllowed>true</nullsAllowed>
<referedAttribute>712560D3-A303-CF7F-1833-2B057FD972BA</referedAttribute>
<useDomainConstraints>false</useDomainConstraints>
<use>1</use>
<logicalDatatype>LOGDT024</logicalDatatype>
<dataTypeSize>20 CHAR</dataTypeSize>
<ownDataTypeParameters>,,</ownDataTypeParameters>
</Attribute>
<Attribute name="rut_persona1" id="DF53E72D-888A-8180-1CA9-227932FA20DF">
<createdBy>alexandrarms</createdBy>
<createdTime>2025-09-15 05:34:25 UTC</createdTime>
<generatorID>64547E59-83DA-9B40-566E-01A9391F8A34</generatorID>
<ownerDesignName>CENTROMEDICOU</ownerDesignName>
<engineerTo>
<item key="96E985E7-43CA-8CF7-3466-73CABD6FA129" value="true"/>
</engineerTo>
<referedAttribute>508C207C-8841-9EB2-5EBC-BC20CEFDD983</referedAttribute>
<useDomainConstraints>false</useDomainConstraints>
<use>1</use>
<logicalDatatype>LOGDT024</logicalDatatype>
<dataTypeSize>20 CHAR</dataTypeSize>
<ownDataTypeParameters>,,</ownDataTypeParameters>
</Attribute>
</attributes>
<identifiers itemClass="oracle.dbtools.crest.model.design.logical.CandidateKey">
<identifier id="5944F735-9298-8E23-492A-2C6732F745D8" name="MÉDICO PK">
<createdBy>alexandrarms</createdBy>
<createdTime>2025-09-13 18:42:57 UTC</createdTime>
<ownerDesignName>CENTROMEDICOU</ownerDesignName>
<shouldEngineer>false</shouldEngineer>
<engineerTo>
<item key="96E985E7-43CA-8CF7-3466-73CABD6FA129" value="false"/>
</engineerTo>
<pk>true</pk>
<usedAttributes>
<attributeRef>712560D3-A303-CF7F-1833-2B057FD972BA</attributeRef>
</usedAttributes>
</identifier>
</identifiers>
</Entity>