<?xml version = '1.0' encoding = 'UTF-8'?>
<Entity class="oracle.dbtools.crest.model.design.logical.Entity" directorySegmentName="seg_0" id="6ECBD603-9D8C-233A-FC75-44CBC57D7189" name="AFP">
<createdBy>alexandrarms</createdBy>
<createdTime>2025-09-15 04:23:05 UTC</createdTime>
<ownerDesignName>CENTROMEDICOU</ownerDesignName>
<engineerTo>
<item key="96E985E7-43CA-8CF7-3466-73CABD6FA129" value="true"/>
</engineerTo>
<adequatelyNormalized>NO</adequatelyNormalized>
<expectedVolumes>0</expectedVolumes>
<fwdEngineeringStrategyName>Single Table</fwdEngineeringStrategyName>
<growthPercent>0</growthPercent>
<growthType>Year</growthType>
<maxVolumes>9999999</maxVolumes>
<minVolumes>0</minVolumes>
<normalForm>Third</normalForm>
<attributes itemClass="oracle.dbtools.crest.model.design.logical.Attribute">
<Attribute name="id_afp" id="47E0B421-DC5C-AACA-3FBE-3F16C942221C">
<createdBy>alexandrarms</createdBy>
<createdTime>2025-09-15 04:23:12 UTC</createdTime>
<ownerDesignName>CENTROMEDICOU</ownerDesignName>
<engineerTo>
<item key="96E985E7-43CA-8CF7-3466-73CABD6FA129" value="true"/>
</engineerTo>
<useDomainConstraints>false</useDomainConstraints>
<use>1</use>
<logicalDatatype>LOGDT019</logicalDatatype>
<ownDataTypeParameters>,,</ownDataTypeParameters>
</Attribute>
<Attribute name="codigo_afp" id="32CAA384-0A1A-0B24-D31F-C70C5F48278E">
<createdBy>alexandrarms</createdBy>
<createdTime>2025-09-15 04:23:28 UTC</createdTime>
<ownerDesignName>CENTROMEDICOU</ownerDesignName>
<engineerTo>
<item key="96E985E7-43CA-8CF7-3466-73CABD6FA129" value="true"/>
</engineerTo>
<useDomainConstraints>false</useDomainConstraints>
<use>1</use>
<logicalDatatype>LOGDT024</logicalDatatype>
<dataTypeSize>20 CHAR</dataTypeSize>
<ownDataTypeParameters>20 CHAR,,</ownDataTypeParameters>
</Attribute>
<Attribute name="nombre_afp" id="A3CABC9C-CFED-EBFE-48B6-B2DCE2147723">
<createdBy>alexandrarms</createdBy>
<createdTime>2025-09-15 04:23:58 UTC</createdTime>
<ownerDesignName>CENTROMEDICOU</ownerDesignName>
<engineerTo>
<item key="96E985E7-43CA-8CF7-3466-73CABD6FA129" value="true"/>
</engineerTo>
<useDomainConstraints>false</useDomainConstraints>
<use>1</use>
<logicalDatatype>LOGDT024</logicalDatatype>
<dataTypeSize>200 CHAR</dataTypeSize>
<ownDataTypeParameters>200 CHAR,,</ownDataTypeParameters>
</Attribute>
</attributes>
<identifiers itemClass="oracle.dbtools.crest.model.design.logical.CandidateKey">
<identifier id="F6B46664-A34A-FF2D-AB1A-607075AADE5E" name="AFP PK">
<createdBy>alexandrarms</createdBy>
<createdTime>2025-09-15 04:23:25 UTC</createdTime>
<ownerDesignName>CENTROMEDICOU</ownerDesignName>
<shouldEngineer>false</shouldEngineer>
<engineerTo>
<item key="96E985E7-43CA-8CF7-3466-73CABD6FA129" value="false"/>
</engineerTo>
<pk>true</pk>
<usedAttributes>
<attributeRef>47E0B421-DC5C-AACA-3FBE-3F16C942221C</attributeRef>
</usedAttributes>
</identifier>
<identifier id="7FD539B8-16E4-437C-0F7F-E7ED49D83BC9" name="UK_AFP_CODE_AFP">
<createdBy>alexandrarms</createdBy>
<createdTime>2025-09-15 04:26:02 UTC</createdTime>
<ownerDesignName>CENTROMEDICOU</ownerDesignName>
<shouldEngineer>false</shouldEngineer>
<engineerTo>
<item key="96E985E7-43CA-8CF7-3466-73CABD6FA129" value="false"/>
</engineerTo>
<newElementsIDs>32CAA384-0A1A-0B24-D31F-C70C5F48278E</newElementsIDs>
<usedAttributes>
<attributeRef>32CAA384-0A1A-0B24-D31F-C70C5F48278E</attributeRef>
</usedAttributes>
</identifier>
</identifiers>
</Entity>