<?xml version = '1.0' encoding = 'UTF-8'?>
<Entity class="oracle.dbtools.crest.model.design.logical.Entity" directorySegmentName="seg_0" id="96B99962-C4F5-63AE-9F6D-26460AB96E70" name="RESULTADO_EXAMEN">
<createdBy>alexandrarms</createdBy>
<createdTime>2025-09-13 19:07:25 UTC</createdTime>
<ownerDesignName>CENTROMEDICOU</ownerDesignName>
<engineerTo>
<item key="96E985E7-43CA-8CF7-3466-73CABD6FA129" value="true"/>
</engineerTo>
<adequatelyNormalized>NO</adequatelyNormalized>
<expectedVolumes>0</expectedVolumes>
<fwdEngineeringStrategyName>Single Table</fwdEngineeringStrategyName>
<growthPercent>0</growthPercent>
<growthType>Year</growthType>
<maxVolumes>9999999</maxVolumes>
<minVolumes>0</minVolumes>
<normalForm>Third</normalForm>
<attributes itemClass="oracle.dbtools.crest.model.design.logical.Attribute">
<Attribute name="id_resultado" id="B8E37B36-12E0-CDB6-698F-881F07229E96">
<createdBy>alexandrarms</createdBy>
<createdTime>2025-09-13 19:07:36 UTC</createdTime>
<ownerDesignName>CENTROMEDICOU</ownerDesignName>
<engineerTo>
<item key="96E985E7-43CA-8CF7-3466-73CABD6FA129" value="true"/>
</engineerTo>
<useDomainConstraints>false</useDomainConstraints>
<use>1</use>
<logicalDatatype>LOGDT019</logicalDatatype>
<ownDataTypeParameters>,,</ownDataTypeParameters>
</Attribute>
<Attribute name="valor_resultado" id="4B4FE28E-3700-3DF3-100C-495F77FF9CBC">
<createdBy>alexandrarms</createdBy>
<createdTime>2025-09-13 19:07:56 UTC</createdTime>
<ownerDesignName>CENTROMEDICOU</ownerDesignName>
<engineerTo>
<item key="96E985E7-43CA-8CF7-3466-73CABD6FA129" value="true"/>
</engineerTo>
<nullsAllowed>true</nullsAllowed>
<useDomainConstraints>false</useDomainConstraints>
<use>1</use>
<logicalDatatype>LOGDT024</logicalDatatype>
<dataTypeSize>4000 CHAR</dataTypeSize>
<ownDataTypeParameters>4000 CHAR,,</ownDataTypeParameters>
</Attribute>
<Attribute name="unidades" id="2684A50A-A1DE-30EB-0885-917E32B7AD03">
<createdBy>alexandrarms</createdBy>
<createdTime>2025-09-13 19:08:29 UTC</createdTime>
<ownerDesignName>CENTROMEDICOU</ownerDesignName>
<engineerTo>
<item key="96E985E7-43CA-8CF7-3466-73CABD6FA129" value="true"/>
</engineerTo>
<nullsAllowed>true</nullsAllowed>
<useDomainConstraints>false</useDomainConstraints>
<use>1</use>
<logicalDatatype>LOGDT024</logicalDatatype>
<dataTypeSize>100 CHAR</dataTypeSize>
<ownDataTypeParameters>100 CHAR,,</ownDataTypeParameters>
</Attribute>
<Attribute name="rango_referencia" id="02659C3B-5C3D-F417-69CE-2BE6ACAE85BB">
<createdBy>alexandrarms</createdBy>
<createdTime>2025-09-13 19:08:53 UTC</createdTime>
<ownerDesignName>CENTROMEDICOU</ownerDesignName>
<engineerTo>
<item key="96E985E7-43CA-8CF7-3466-73CABD6FA129" value="true"/>
</engineerTo>
<nullsAllowed>true</nullsAllowed>
<useDomainConstraints>false</useDomainConstraints>
<use>1</use>
<logicalDatatype>LOGDT024</logicalDatatype>
<dataTypeSize>200 CHAR</dataTypeSize>
<ownDataTypeParameters>200 CHAR,,</ownDataTypeParameters>
</Attribute>
<Attribute name="fecha_resultado" id="38D03716-A9C0-2869-53D1-D75B23043E6A">
<createdBy>alexandrarms</createdBy>
<createdTime>2025-09-13 19:09:16 UTC</createdTime>
<ownerDesignName>CENTROMEDICOU</ownerDesignName>
<engineerTo>
<item key="96E985E7-43CA-8CF7-3466-73CABD6FA129" value="true"/>
</engineerTo>
<useDomainConstraints>false</useDomainConstraints>
<use>1</use>
<logicalDatatype>LOGDT007</logicalDatatype>
<ownDataTypeParameters>,,</ownDataTypeParameters>
</Attribute>
<Attribute name="ingresado_por" id="D226F3B3-AD0D-64FF-69C7-6F5B5956A11C">
<createdBy>alexandrarms</createdBy>
<createdTime>2025-09-13 19:09:33 UTC</createdTime>
<ownerDesignName>CENTROMEDICOU</ownerDesignName>
<engineerTo>
<item key="96E985E7-43CA-8CF7-3466-73CABD6FA129" value="true"/>
</engineerTo>
<nullsAllowed>true</nullsAllowed>
<useDomainConstraints>false</useDomainConstraints>
<use>1</use>
<logicalDatatype>LOGDT024</logicalDatatype>
<dataTypeSize>200 CHAR</dataTypeSize>
<ownDataTypeParameters>200 CHAR,,</ownDataTypeParameters>
</Attribute>
<Attribute name="observaciones" id="4B90CA74-D99B-E292-E2F3-BA0C56B6AB78">
<createdBy>alexandrarms</createdBy>
<createdTime>2025-09-15 04:56:27 UTC</createdTime>
<ownerDesignName>CENTROMEDICOU</ownerDesignName>
<engineerTo>
<item key="96E985E7-43CA-8CF7-3466-73CABD6FA129" value="true"/>
</engineerTo>
<nullsAllowed>true</nullsAllowed>
<useDomainConstraints>false</useDomainConstraints>
<use>1</use>
<logicalDatatype>LOGDT024</logicalDatatype>
<dataTypeSize>4000 CHAR</dataTypeSize>
<ownDataTypeParameters>4000 CHAR,,</ownDataTypeParameters>
</Attribute>
<Attribute name="id_solicitud" id="2E3961F4-6A28-5967-56F1-CCABC706FD2D">
<createdBy>alexandrarms</createdBy>
<createdTime>2025-09-15 05:07:46 UTC</createdTime>
<generatorID>966677A4-F094-748B-1CF9-58EAB1A9A62A</generatorID>
<ownerDesignName>CENTROMEDICOU</ownerDesignName>
<engineerTo>
<item key="96E985E7-43CA-8CF7-3466-73CABD6FA129" value="true"/>
</engineerTo>
<referedAttribute>80C985EF-17FB-EF24-7911-F63B5BB3DF29</referedAttribute>
<useDomainConstraints>false</useDomainConstraints>
<use>1</use>
<logicalDatatype>LOGDT019</logicalDatatype>
<ownDataTypeParameters>,,</ownDataTypeParameters>
</Attribute>
</attributes>
<identifiers itemClass="oracle.dbtools.crest.model.design.logical.CandidateKey">
<identifier id="A652216F-0D9F-7635-71DA-1DC2762E9F2C" name="RESULTADO_EXAMEN PK">
<createdBy>alexandrarms</createdBy>
<createdTime>2025-09-13 19:07:54 UTC</createdTime>
<ownerDesignName>CENTROMEDICOU</ownerDesignName>
<shouldEngineer>false</shouldEngineer>
<engineerTo>
<item key="96E985E7-43CA-8CF7-3466-73CABD6FA129" value="false"/>
</engineerTo>
<pk>true</pk>
<usedAttributes>
<attributeRef>B8E37B36-12E0-CDB6-698F-881F07229E96</attributeRef>
</usedAttributes>
</identifier>
</identifiers>
</Entity>