<?xml version = '1.0' encoding = 'UTF-8'?>
<Entity class="oracle.dbtools.crest.model.design.logical.Entity" directorySegmentName="seg_0" id="9C20DE13-7732-1D39-C4DB-4DAA5C22E156" name="REGION">
<createdBy>alexandrarms</createdBy>
<createdTime>2025-09-15 04:19:02 UTC</createdTime>
<ownerDesignName>CENTROMEDICOU</ownerDesignName>
<engineerTo>
<item key="96E985E7-43CA-8CF7-3466-73CABD6FA129" value="true"/>
</engineerTo>
<adequatelyNormalized>NO</adequatelyNormalized>
<expectedVolumes>0</expectedVolumes>
<fwdEngineeringStrategyName>Single Table</fwdEngineeringStrategyName>
<growthPercent>0</growthPercent>
<growthType>Year</growthType>
<maxVolumes>9999999</maxVolumes>
<minVolumes>0</minVolumes>
<normalForm>Third</normalForm>
<attributes itemClass="oracle.dbtools.crest.model.design.logical.Attribute">
<Attribute name="id_region" id="19733DA3-EF37-E0D7-BD11-14ED4B553728">
<createdBy>alexandrarms</createdBy>
<createdTime>2025-09-15 04:19:13 UTC</createdTime>
<ownerDesignName>CENTROMEDICOU</ownerDesignName>
<engineerTo>
<item key="96E985E7-43CA-8CF7-3466-73CABD6FA129" value="true"/>
</engineerTo>
<useDomainConstraints>false</useDomainConstraints>
<use>1</use>
<logicalDatatype>LOGDT019</logicalDatatype>
<ownDataTypeParameters>,,</ownDataTypeParameters>
</Attribute>
<Attribute name="nombre_region" id="C3BBC267-369D-F1A5-9895-354F8DA60D7B">
<createdBy>alexandrarms</createdBy>
<createdTime>2025-09-15 04:19:33 UTC</createdTime>
<ownerDesignName>CENTROMEDICOU</ownerDesignName>
<engineerTo>
<item key="96E985E7-43CA-8CF7-3466-73CABD6FA129" value="true"/>
</engineerTo>
<useDomainConstraints>false</useDomainConstraints>
<use>1</use>
<logicalDatatype>LOGDT024</logicalDatatype>
<dataTypeSize>100 CHAR</dataTypeSize>
<ownDataTypeParameters>100 CHAR,,</ownDataTypeParameters>
</Attribute>
</attributes>
<identifiers itemClass="oracle.dbtools.crest.model.design.logical.CandidateKey">
<identifier id="1838B4F6-CF44-5E76-8172-E091A8766398" name="REGIÓN PK">
<createdBy>alexandrarms</createdBy>
<createdTime>2025-09-15 04:19:29 UTC</createdTime>
<ownerDesignName>CENTROMEDICOU</ownerDesignName>
<shouldEngineer>false</shouldEngineer>
<engineerTo>
<item key="96E985E7-43CA-8CF7-3466-73CABD6FA129" value="false"/>
</engineerTo>
<pk>true</pk>
<usedAttributes>
<attributeRef>19733DA3-EF37-E0D7-BD11-14ED4B553728</attributeRef>
</usedAttributes>
</identifier>
<identifier id="E5214AD8-AAC6-E25A-F390-2EBFF982F500" name="UK_NOMBRE_REGION">
<createdBy>alexandrarms</createdBy>
<createdTime>2025-09-15 04:20:03 UTC</createdTime>
<ownerDesignName>CENTROMEDICOU</ownerDesignName>
<shouldEngineer>false</shouldEngineer>
<engineerTo>
<item key="96E985E7-43CA-8CF7-3466-73CABD6FA129" value="false"/>
</engineerTo>
<newElementsIDs>C3BBC267-369D-F1A5-9895-354F8DA60D7B</newElementsIDs>
<usedAttributes>
<attributeRef>C3BBC267-369D-F1A5-9895-354F8DA60D7B</attributeRef>
</usedAttributes>
</identifier>
</identifiers>
</Entity>