<?xml version = '1.0' encoding = 'UTF-8'?>
<Entity class="oracle.dbtools.crest.model.design.logical.Entity" directorySegmentName="seg_0" id="A6C5BE20-3E3D-00CF-550A-8A7F1934A835" name="SOLICITUD_EXAMEN">
<createdBy>alexandrarms</createdBy>
<createdTime>2025-09-13 19:00:40 UTC</createdTime>
<ownerDesignName>CENTROMEDICOU</ownerDesignName>
<engineerTo>
<item key="96E985E7-43CA-8CF7-3466-73CABD6FA129" value="true"/>
</engineerTo>
<adequatelyNormalized>NO</adequatelyNormalized>
<expectedVolumes>0</expectedVolumes>
<fwdEngineeringStrategyName>Single Table</fwdEngineeringStrategyName>
<growthPercent>0</growthPercent>
<growthType>Year</growthType>
<maxVolumes>9999999</maxVolumes>
<minVolumes>0</minVolumes>
<normalForm>Third</normalForm>
<attributes itemClass="oracle.dbtools.crest.model.design.logical.Attribute">
<Attribute name="id_solicitud" id="80C985EF-17FB-EF24-7911-F63B5BB3DF29">
<createdBy>alexandrarms</createdBy>
<createdTime>2025-09-13 19:00:57 UTC</createdTime>
<ownerDesignName>CENTROMEDICOU</ownerDesignName>
<engineerTo>
<item key="96E985E7-43CA-8CF7-3466-73CABD6FA129" value="true"/>
</engineerTo>
<useDomainConstraints>false</useDomainConstraints>
<use>1</use>
<logicalDatatype>LOGDT019</logicalDatatype>
<ownDataTypeParameters>,,</ownDataTypeParameters>
</Attribute>
<Attribute name="fecha_solicitud" id="D9F8365D-67D2-7C24-E919-0CE86FFA66FA">
<createdBy>alexandrarms</createdBy>
<createdTime>2025-09-13 19:01:25 UTC</createdTime>
<ownerDesignName>CENTROMEDICOU</ownerDesignName>
<engineerTo>
<item key="96E985E7-43CA-8CF7-3466-73CABD6FA129" value="true"/>
</engineerTo>
<useDomainConstraints>false</useDomainConstraints>
<use>1</use>
<logicalDatatype>LOGDT007</logicalDatatype>
<ownDataTypeParameters>,,</ownDataTypeParameters>
</Attribute>
<Attribute name="estado_solicitud" id="15E3B28C-5AFA-AC20-18EB-2F2B7E47E976">
<createdBy>alexandrarms</createdBy>
<createdTime>2025-09-13 19:02:03 UTC</createdTime>
<ownerDesignName>CENTROMEDICOU</ownerDesignName>
<engineerTo>
<item key="96E985E7-43CA-8CF7-3466-73CABD6FA129" value="true"/>
</engineerTo>
<constraintName>CK_SOLICITUD_EXAMEN_ESTADO_SOLICITUD</constraintName>
<useDomainConstraints>false</useDomainConstraints>
<use>1</use>
<logicalDatatype>LOGDT024</logicalDatatype>
<dataTypeSize>20 CHAR</dataTypeSize>
<listOfValues>
<valueDef value="&apos;ANULADO&apos;" description=""/>
<valueDef value="&apos;EN_PROCESO&apos;" description=""/>
<valueDef value="&apos;SOLICITADO&apos;" description=""/>
<valueDef value="&apos;TERMINADO&apos;" description=""/>
</listOfValues>
<ownDataTypeParameters>20 CHAR,,</ownDataTypeParameters>
</Attribute>
<Attribute name="examen_codigo" id="E17955F1-9EEF-E494-A0F1-FD8A6A4BE328">
<createdBy>alexandrarms</createdBy>
<createdTime>2025-09-15 05:07:01 UTC</createdTime>
<generatorID>25A6550F-D135-B0DE-BF62-024DE2E54124</generatorID>
<ownerDesignName>CENTROMEDICOU</ownerDesignName>
<engineerTo>
<item key="96E985E7-43CA-8CF7-3466-73CABD6FA129" value="true"/>
</engineerTo>
<referedAttribute>C559DA5F-C4BA-D0E1-399B-E5A81C38A8C4</referedAttribute>
<useDomainConstraints>false</useDomainConstraints>
<use>1</use>
<logicalDatatype>LOGDT024</logicalDatatype>
<dataTypeSize>30 CHAR</dataTypeSize>
<ownDataTypeParameters>,,</ownDataTypeParameters>
</Attribute>
<Attribute name="id_atencion" id="484C71E3-98A8-FC20-429D-9A2A17F38371">
<createdBy>alexandrarms</createdBy>
<createdTime>2025-09-15 05:07:16 UTC</createdTime>
<generatorID>D498B992-5114-0574-690A-6351A03A948C</generatorID>
<ownerDesignName>CENTROMEDICOU</ownerDesignName>
<engineerTo>
<item key="96E985E7-43CA-8CF7-3466-73CABD6FA129" value="true"/>
</engineerTo>
<referedAttribute>14A65BF1-3156-295F-9FFA-43C4588701F8</referedAttribute>
<useDomainConstraints>false</useDomainConstraints>
<use>1</use>
<logicalDatatype>LOGDT019</logicalDatatype>
<ownDataTypeParameters>,,</ownDataTypeParameters>
</Attribute>
<Attribute name="rut_persona" id="098E853B-83A8-56D7-0F71-96EFC7457144">
<createdBy>alexandrarms</createdBy>
<createdTime>2025-09-15 05:07:29 UTC</createdTime>
<generatorID>9B3C3AEE-B179-0DC9-3F81-20D17C1997BC</generatorID>
<ownerDesignName>CENTROMEDICOU</ownerDesignName>
<engineerTo>
<item key="96E985E7-43CA-8CF7-3466-73CABD6FA129" value="true"/>
</engineerTo>
<referedAttribute>712560D3-A303-CF7F-1833-2B057FD972BA</referedAttribute>
<useDomainConstraints>false</useDomainConstraints>
<use>1</use>
<logicalDatatype>LOGDT024</logicalDatatype>
<dataTypeSize>20 CHAR</dataTypeSize>
<ownDataTypeParameters>,,</ownDataTypeParameters>
</Attribute>
</attributes>
<identifiers itemClass="oracle.dbtools.crest.model.design.logical.CandidateKey">
<identifier id="436C50CB-DEBA-D78E-4629-32E88AED0154" name="SOLICITUD_EXAMEN PK">
<createdBy>alexandrarms</createdBy>
<createdTime>2025-09-13 19:01:22 UTC</createdTime>
<ownerDesignName>CENTROMEDICOU</ownerDesignName>
<shouldEngineer>false</shouldEngineer>
<engineerTo>
<item key="96E985E7-43CA-8CF7-3466-73CABD6FA129" value="false"/>
</engineerTo>
<pk>true</pk>
<usedAttributes>
<attributeRef>80C985EF-17FB-EF24-7911-F63B5BB3DF29</attributeRef>
</usedAttributes>
</identifier>
</identifiers>
</Entity>