<?xml version = '1.0' encoding = 'UTF-8'?>
<Entity class="oracle.dbtools.crest.model.design.logical.Entity" directorySegmentName="seg_0" id="B09F8CF6-CE53-A3A0-3BCC-69E9E6847E7F" name="PACIENTE">
<createdBy>alexandrarms</createdBy>
<createdTime>2025-09-13 18:32:50 UTC</createdTime>
<ownerDesignName>CENTROMEDICOU</ownerDesignName>
<engineerTo>
<item key="96E985E7-43CA-8CF7-3466-73CABD6FA129" value="true"/>
</engineerTo>
<adequatelyNormalized>NO</adequatelyNormalized>
<expectedVolumes>0</expectedVolumes>
<fwdEngineeringStrategyName>Single Table</fwdEngineeringStrategyName>
<growthPercent>0</growthPercent>
<growthType>Year</growthType>
<hierarchicalParent>B7D4E72A-46C4-EB17-16F5-4028EE3296A5</hierarchicalParent>
<maxVolumes>9999999</maxVolumes>
<minVolumes>0</minVolumes>
<normalForm>Third</normalForm>
<attributes itemClass="oracle.dbtools.crest.model.design.logical.Attribute">
<Attribute name="tipo_usuario" id="5520C419-EBBB-E373-BC8B-39E49DA772FF">
<createdBy>alexandrarms</createdBy>
<createdTime>2025-09-13 18:38:09 UTC</createdTime>
<ownerDesignName>CENTROMEDICOU</ownerDesignName>
<engineerTo>
<item key="96E985E7-43CA-8CF7-3466-73CABD6FA129" value="true"/>
</engineerTo>
<constraintName>CK_PACIENTE_TIPO_USUARIO</constraintName>
<useDomainConstraints>false</useDomainConstraints>
<use>1</use>
<logicalDatatype>LOGDT024</logicalDatatype>
<dataTypeSize>20 CHAR</dataTypeSize>
<listOfValues>
<valueDef value="&apos;ESTUDIANTE&apos;" description=""/>
<valueDef value="&apos;EXTERNO&apos;" description=""/>
<valueDef value="&apos;FUNCIONARIO&apos;" description=""/>
</listOfValues>
<ownDataTypeParameters>20 CHAR,,</ownDataTypeParameters>
</Attribute>
<Attribute name="rut_persona" id="1BB8F1EC-9FB9-538E-94E1-1FE01098DA14">
<createdBy>alexandrarms</createdBy>
<createdTime>2025-09-15 04:05:50 UTC</createdTime>
<ownerDesignName>CENTROMEDICOU</ownerDesignName>
<engineerTo>
<item key="96E985E7-43CA-8CF7-3466-73CABD6FA129" value="true"/>
</engineerTo>
<useDomainConstraints>false</useDomainConstraints>
<use>1</use>
<logicalDatatype>LOGDT024</logicalDatatype>
<dataTypeSize>20 CHAR</dataTypeSize>
<ownDataTypeParameters>20 CHAR,,</ownDataTypeParameters>
</Attribute>
<Attribute name="rut_persona1" id="57FF761A-78E0-5086-2A40-B9358248D4BA">
<createdBy>alexandrarms</createdBy>
<createdTime>2025-09-15 05:34:06 UTC</createdTime>
<generatorID>1677CA4B-41EB-46FB-60AC-80CE88146473</generatorID>
<ownerDesignName>CENTROMEDICOU</ownerDesignName>
<engineerTo>
<item key="96E985E7-43CA-8CF7-3466-73CABD6FA129" value="true"/>
</engineerTo>
<referedAttribute>508C207C-8841-9EB2-5EBC-BC20CEFDD983</referedAttribute>
<useDomainConstraints>false</useDomainConstraints>
<use>1</use>
<logicalDatatype>LOGDT024</logicalDatatype>
<dataTypeSize>20 CHAR</dataTypeSize>
<ownDataTypeParameters>,,</ownDataTypeParameters>
</Attribute>
</attributes>
<identifiers itemClass="oracle.dbtools.crest.model.design.logical.CandidateKey">
<identifier id="A463C427-96B2-4FC0-1638-62592E18688D" name="PACIENTE PK">
<createdBy>alexandrarms</createdBy>
<createdTime>2025-09-13 18:40:29 UTC</createdTime>
<ownerDesignName>CENTROMEDICOU</ownerDesignName>
<engineerTo>
<item key="96E985E7-43CA-8CF7-3466-73CABD6FA129" value="true"/>
</engineerTo>
<pk>true</pk>
<usedAttributes>
<attributeRef>1BB8F1EC-9FB9-538E-94E1-1FE01098DA14</attributeRef>
</usedAttributes>
</identifier>
</identifiers>
</Entity>