<?xml version = '1.0' encoding = 'UTF-8'?>
<Entity class="oracle.dbtools.crest.model.design.logical.Entity" directorySegmentName="seg_0" id="B7D4E72A-46C4-EB17-16F5-4028EE3296A5" name="PERSONA">
<createdBy>alexandrarms</createdBy>
<createdTime>2025-09-15 03:57:06 UTC</createdTime>
<ownerDesignName>CENTROMEDICOU</ownerDesignName>
<engineerTo>
<item key="96E985E7-43CA-8CF7-3466-73CABD6FA129" value="true"/>
</engineerTo>
<adequatelyNormalized>NO</adequatelyNormalized>
<expectedVolumes>0</expectedVolumes>
<fwdEngineeringStrategyName>Single Table</fwdEngineeringStrategyName>
<growthPercent>0</growthPercent>
<growthType>Year</growthType>
<maxVolumes>9999999</maxVolumes>
<minVolumes>0</minVolumes>
<normalForm>Third</normalForm>
<attributes itemClass="oracle.dbtools.crest.model.design.logical.Attribute">
<Attribute name="rut_persona" id="508C207C-8841-9EB2-5EBC-BC20CEFDD983">
<createdBy>alexandrarms</createdBy>
<createdTime>2025-09-15 03:59:30 UTC</createdTime>
<ownerDesignName>CENTROMEDICOU</ownerDesignName>
<engineerTo>
<item key="96E985E7-43CA-8CF7-3466-73CABD6FA129" value="true"/>
</engineerTo>
<useDomainConstraints>false</useDomainConstraints>
<use>1</use>
<logicalDatatype>LOGDT024</logicalDatatype>
<dataTypeSize>20 CHAR</dataTypeSize>
<ownDataTypeParameters>20 CHAR,,</ownDataTypeParameters>
</Attribute>
<Attribute name="nombre_completo" id="ACA0D6E4-B631-7306-085F-5ED2DD399842">
<createdBy>alexandrarms</createdBy>
<createdTime>2025-09-15 03:59:51 UTC</createdTime>
<ownerDesignName>CENTROMEDICOU</ownerDesignName>
<engineerTo>
<item key="96E985E7-43CA-8CF7-3466-73CABD6FA129" value="true"/>
</engineerTo>
<useDomainConstraints>false</useDomainConstraints>
<use>1</use>
<logicalDatatype>LOGDT024</logicalDatatype>
<dataTypeSize>250 CHAR</dataTypeSize>
<ownDataTypeParameters>250 CHAR,,</ownDataTypeParameters>
</Attribute>
<Attribute name="fecha_nacimiento" id="3434BC8F-31A8-F5D7-D7CB-5C13E21A7409">
<createdBy>alexandrarms</createdBy>
<createdTime>2025-09-15 04:00:27 UTC</createdTime>
<ownerDesignName>CENTROMEDICOU</ownerDesignName>
<engineerTo>
<item key="96E985E7-43CA-8CF7-3466-73CABD6FA129" value="true"/>
</engineerTo>
<useDomainConstraints>false</useDomainConstraints>
<use>1</use>
<logicalDatatype>LOGDT007</logicalDatatype>
<ownDataTypeParameters>,,</ownDataTypeParameters>
</Attribute>
<Attribute name="sexo" id="E9BF708C-8119-AAF7-7E18-F4BB5F8CF90C">
<createdBy>alexandrarms</createdBy>
<createdTime>2025-09-15 04:00:41 UTC</createdTime>
<ownerDesignName>CENTROMEDICOU</ownerDesignName>
<engineerTo>
<item key="96E985E7-43CA-8CF7-3466-73CABD6FA129" value="true"/>
</engineerTo>
<constraintName>CK_PERSONA_SEXO</constraintName>
<useDomainConstraints>false</useDomainConstraints>
<use>1</use>
<logicalDatatype>LOGDT025</logicalDatatype>
<dataTypeSize>1 CHAR</dataTypeSize>
<listOfValues>
<valueDef value="&apos;F&apos;" description=""/>
<valueDef value="&apos;M&apos;" description=""/>
<valueDef value="&apos;O&apos;" description=""/>
</listOfValues>
<ownDataTypeParameters>1 CHAR,,</ownDataTypeParameters>
</Attribute>
<Attribute name="direccion" id="0E296EC1-A8E4-F757-A6C6-B8AF6E824FAF">
<createdBy>alexandrarms</createdBy>
<createdTime>2025-09-15 04:02:13 UTC</createdTime>
<ownerDesignName>CENTROMEDICOU</ownerDesignName>
<engineerTo>
<item key="96E985E7-43CA-8CF7-3466-73CABD6FA129" value="true"/>
</engineerTo>
<useDomainConstraints>false</useDomainConstraints>
<use>1</use>
<logicalDatatype>LOGDT024</logicalDatatype>
<dataTypeSize>250 CHAR</dataTypeSize>
<ownDataTypeParameters>250 CHAR,,</ownDataTypeParameters>
</Attribute>
<Attribute name="contacto_telefono" id="D1B58EEF-D1A3-97B1-5380-53420F9DB5A2">
<createdBy>alexandrarms</createdBy>
<createdTime>2025-09-15 04:39:22 UTC</createdTime>
<ownerDesignName>CENTROMEDICOU</ownerDesignName>
<engineerTo>
<item key="96E985E7-43CA-8CF7-3466-73CABD6FA129" value="true"/>
</engineerTo>
<nullsAllowed>true</nullsAllowed>
<useDomainConstraints>false</useDomainConstraints>
<use>1</use>
<logicalDatatype>LOGDT024</logicalDatatype>
<dataTypeSize>50 CHAR</dataTypeSize>
<ownDataTypeParameters>50 CHAR,,</ownDataTypeParameters>
</Attribute>
<Attribute name="contacto_email" id="64B2E0BC-5D3C-61A6-3100-2AC5E04DC396">
<createdBy>alexandrarms</createdBy>
<createdTime>2025-09-15 04:39:37 UTC</createdTime>
<ownerDesignName>CENTROMEDICOU</ownerDesignName>
<engineerTo>
<item key="96E985E7-43CA-8CF7-3466-73CABD6FA129" value="true"/>
</engineerTo>
<nullsAllowed>true</nullsAllowed>
<useDomainConstraints>false</useDomainConstraints>
<use>1</use>
<logicalDatatype>LOGDT024</logicalDatatype>
<dataTypeSize>200 CHAR</dataTypeSize>
<ownDataTypeParameters>200 CHAR,,</ownDataTypeParameters>
</Attribute>
<Attribute name="id_comuna" id="9084A5BB-B80B-6BD5-5778-1CA20647725C">
<createdBy>alexandrarms</createdBy>
<createdTime>2025-09-15 05:01:44 UTC</createdTime>
<generatorID>664DF926-FC83-7DE9-2DD1-810BC3F51CA6</generatorID>
<ownerDesignName>CENTROMEDICOU</ownerDesignName>
<engineerTo>
<item key="96E985E7-43CA-8CF7-3466-73CABD6FA129" value="true"/>
</engineerTo>
<referedAttribute>5C01F634-2679-8D49-8543-4560F2ED5F6A</referedAttribute>
<useDomainConstraints>false</useDomainConstraints>
<use>1</use>
<logicalDatatype>LOGDT019</logicalDatatype>
<ownDataTypeParameters>,,</ownDataTypeParameters>
</Attribute>
</attributes>
<identifiers itemClass="oracle.dbtools.crest.model.design.logical.CandidateKey">
<identifier id="5FF20754-EA50-F21F-CAA8-E317399A6CE5" name="PERSONA PK">
<createdBy>alexandrarms</createdBy>
<createdTime>2025-09-15 03:59:49 UTC</createdTime>
<ownerDesignName>CENTROMEDICOU</ownerDesignName>
<shouldEngineer>false</shouldEngineer>
<engineerTo>
<item key="96E985E7-43CA-8CF7-3466-73CABD6FA129" value="false"/>
</engineerTo>
<pk>true</pk>
<usedAttributes>
<attributeRef>508C207C-8841-9EB2-5EBC-BC20CEFDD983</attributeRef>
</usedAttributes>
</identifier>
</identifiers>
</Entity>