<?xml version = '1.0' encoding = 'UTF-8'?>
<Entity class="oracle.dbtools.crest.model.design.logical.Entity" directorySegmentName="seg_0" id="D345C44C-1ED7-D7AC-7215-C4BA51D2BCFE" name="EXAMEN">
<createdBy>alexandrarms</createdBy>
<createdTime>2025-09-13 18:58:57 UTC</createdTime>
<ownerDesignName>CENTROMEDICOU</ownerDesignName>
<engineerTo>
<item key="96E985E7-43CA-8CF7-3466-73CABD6FA129" value="true"/>
</engineerTo>
<adequatelyNormalized>NO</adequatelyNormalized>
<expectedVolumes>0</expectedVolumes>
<fwdEngineeringStrategyName>Single Table</fwdEngineeringStrategyName>
<growthPercent>0</growthPercent>
<growthType>Year</growthType>
<maxVolumes>9999999</maxVolumes>
<minVolumes>0</minVolumes>
<normalForm>Third</normalForm>
<attributes itemClass="oracle.dbtools.crest.model.design.logical.Attribute">
<Attribute name="examen_codigo" id="C559DA5F-C4BA-D0E1-399B-E5A81C38A8C4">
<createdBy>alexandrarms</createdBy>
<createdTime>2025-09-13 18:59:08 UTC</createdTime>
<ownerDesignName>CENTROMEDICOU</ownerDesignName>
<engineerTo>
<item key="96E985E7-43CA-8CF7-3466-73CABD6FA129" value="true"/>
</engineerTo>
<useDomainConstraints>false</useDomainConstraints>
<use>1</use>
<logicalDatatype>LOGDT024</logicalDatatype>
<dataTypeSize>30 CHAR</dataTypeSize>
<ownDataTypeParameters>30 CHAR,,</ownDataTypeParameters>
</Attribute>
<Attribute name="nombre_examen" id="57A62CF7-893E-F41B-8A9F-E3DE438EA05D">
<createdBy>alexandrarms</createdBy>
<createdTime>2025-09-13 18:59:31 UTC</createdTime>
<ownerDesignName>CENTROMEDICOU</ownerDesignName>
<engineerTo>
<item key="96E985E7-43CA-8CF7-3466-73CABD6FA129" value="true"/>
</engineerTo>
<useDomainConstraints>false</useDomainConstraints>
<use>1</use>
<logicalDatatype>LOGDT024</logicalDatatype>
<dataTypeSize>200 CHAR</dataTypeSize>
<ownDataTypeParameters>200 CHAR,,</ownDataTypeParameters>
</Attribute>
<Attribute name="tipo_muestra" id="EA8CA91B-5E46-2295-71B8-34EFC0BD6429">
<createdBy>alexandrarms</createdBy>
<createdTime>2025-09-13 18:59:48 UTC</createdTime>
<ownerDesignName>CENTROMEDICOU</ownerDesignName>
<engineerTo>
<item key="96E985E7-43CA-8CF7-3466-73CABD6FA129" value="true"/>
</engineerTo>
<nullsAllowed>true</nullsAllowed>
<useDomainConstraints>false</useDomainConstraints>
<use>1</use>
<logicalDatatype>LOGDT024</logicalDatatype>
<dataTypeSize>50 CHAR</dataTypeSize>
<ownDataTypeParameters>50 CHAR,,</ownDataTypeParameters>
</Attribute>
<Attribute name="condiciones_preparacion" id="6C719CC2-0614-33EB-8961-5C94B5E78EC0">
<createdBy>alexandrarms</createdBy>
<createdTime>2025-09-13 19:00:10 UTC</createdTime>
<ownerDesignName>CENTROMEDICOU</ownerDesignName>
<engineerTo>
<item key="96E985E7-43CA-8CF7-3466-73CABD6FA129" value="true"/>
</engineerTo>
<nullsAllowed>true</nullsAllowed>
<useDomainConstraints>false</useDomainConstraints>
<use>1</use>
<logicalDatatype>LOGDT024</logicalDatatype>
<dataTypeSize>4000 CHAR</dataTypeSize>
<ownDataTypeParameters>4000 CHAR,,</ownDataTypeParameters>
</Attribute>
<Attribute name="descripción" id="3E94AF3B-0956-6602-E4ED-028F4B589645">
<createdBy>alexandrarms</createdBy>
<createdTime>2025-09-15 04:50:03 UTC</createdTime>
<ownerDesignName>CENTROMEDICOU</ownerDesignName>
<engineerTo>
<item key="96E985E7-43CA-8CF7-3466-73CABD6FA129" value="true"/>
</engineerTo>
<nullsAllowed>true</nullsAllowed>
<useDomainConstraints>false</useDomainConstraints>
<use>1</use>
<logicalDatatype>LOGDT024</logicalDatatype>
<dataTypeSize>4000</dataTypeSize>
<ownDataTypeParameters>4000,,</ownDataTypeParameters>
</Attribute>
</attributes>
<identifiers itemClass="oracle.dbtools.crest.model.design.logical.CandidateKey">
<identifier id="AC579C6E-D0F4-2AED-95FE-80CDED39EC74" name="EXAMEN_LABORATORIO PK">
<createdBy>alexandrarms</createdBy>
<createdTime>2025-09-13 18:59:29 UTC</createdTime>
<ownerDesignName>CENTROMEDICOU</ownerDesignName>
<shouldEngineer>false</shouldEngineer>
<engineerTo>
<item key="96E985E7-43CA-8CF7-3466-73CABD6FA129" value="false"/>
</engineerTo>
<pk>true</pk>
<usedAttributes>
<attributeRef>C559DA5F-C4BA-D0E1-399B-E5A81C38A8C4</attributeRef>
</usedAttributes>
</identifier>
<identifier id="844B8AD3-5EAE-58E6-6852-FE36F3AF29F7" name="UK_EXAMEN_CODE">
<createdBy>alexandrarms</createdBy>
<createdTime>2025-09-15 04:53:38 UTC</createdTime>
<ownerDesignName>CENTROMEDICOU</ownerDesignName>
<shouldEngineer>false</shouldEngineer>
<engineerTo>
<item key="96E985E7-43CA-8CF7-3466-73CABD6FA129" value="false"/>
</engineerTo>
<newElementsIDs>C559DA5F-C4BA-D0E1-399B-E5A81C38A8C4</newElementsIDs>
<usedAttributes>
<attributeRef>C559DA5F-C4BA-D0E1-399B-E5A81C38A8C4</attributeRef>
</usedAttributes>
</identifier>
</identifiers>
</Entity>