<?xml version = '1.0' encoding = 'UTF-8'?>
<Entity class="oracle.dbtools.crest.model.design.logical.Entity" directorySegmentName="seg_0" id="D564FDEF-8C0B-1D80-72A5-43765C537CC9" name="ESPECIALIDAD">
<createdBy>alexandrarms</createdBy>
<createdTime>2025-09-13 18:49:00 UTC</createdTime>
<ownerDesignName>CENTROMEDICOU</ownerDesignName>
<engineerTo>
<item key="96E985E7-43CA-8CF7-3466-73CABD6FA129" value="true"/>
</engineerTo>
<adequatelyNormalized>NO</adequatelyNormalized>
<expectedVolumes>0</expectedVolumes>
<fwdEngineeringStrategyName>Single Table</fwdEngineeringStrategyName>
<growthPercent>0</growthPercent>
<growthType>Year</growthType>
<maxVolumes>9999999</maxVolumes>
<minVolumes>0</minVolumes>
<normalForm>Third</normalForm>
<attributes itemClass="oracle.dbtools.crest.model.design.logical.Attribute">
<Attribute name="id_especialidad" id="4B8398BC-6178-08B4-5037-580692CE6FDA">
<createdBy>alexandrarms</createdBy>
<createdTime>2025-09-13 18:49:27 UTC</createdTime>
<ownerDesignName>CENTROMEDICOU</ownerDesignName>
<engineerTo>
<item key="96E985E7-43CA-8CF7-3466-73CABD6FA129" value="true"/>
</engineerTo>
<useDomainConstraints>false</useDomainConstraints>
<use>1</use>
<logicalDatatype>LOGDT019</logicalDatatype>
<ownDataTypeParameters>,,</ownDataTypeParameters>
</Attribute>
<Attribute name="nombre" id="D2A1584D-E41B-0C2D-AF8B-4D37FC7424F6">
<createdBy>alexandrarms</createdBy>
<createdTime>2025-09-13 18:49:50 UTC</createdTime>
<ownerDesignName>CENTROMEDICOU</ownerDesignName>
<engineerTo>
<item key="96E985E7-43CA-8CF7-3466-73CABD6FA129" value="true"/>
</engineerTo>
<useDomainConstraints>false</useDomainConstraints>
<use>1</use>
<logicalDatatype>LOGDT024</logicalDatatype>
<dataTypeSize>100 CHAR</dataTypeSize>
<ownDataTypeParameters>100 CHAR,,</ownDataTypeParameters>
</Attribute>
</attributes>
<identifiers itemClass="oracle.dbtools.crest.model.design.logical.CandidateKey">
<identifier id="FD1C143F-CA3E-ADCF-94C3-3AA3817A714C" name="ESPECIALIDAD PK">
<createdBy>alexandrarms</createdBy>
<createdTime>2025-09-13 18:49:48 UTC</createdTime>
<ownerDesignName>CENTROMEDICOU</ownerDesignName>
<shouldEngineer>false</shouldEngineer>
<engineerTo>
<item key="96E985E7-43CA-8CF7-3466-73CABD6FA129" value="false"/>
</engineerTo>
<pk>true</pk>
<usedAttributes>
<attributeRef>4B8398BC-6178-08B4-5037-580692CE6FDA</attributeRef>
</usedAttributes>
</identifier>
<identifier id="575C6805-C0C6-6250-1DAE-4054140B4663" name="UK_NOMBRE_ESPEC">
<createdBy>alexandrarms</createdBy>
<createdTime>2025-09-15 04:33:45 UTC</createdTime>
<ownerDesignName>CENTROMEDICOU</ownerDesignName>
<shouldEngineer>false</shouldEngineer>
<engineerTo>
<item key="96E985E7-43CA-8CF7-3466-73CABD6FA129" value="false"/>
</engineerTo>
<newElementsIDs>D2A1584D-E41B-0C2D-AF8B-4D37FC7424F6</newElementsIDs>
<usedAttributes>
<attributeRef>D2A1584D-E41B-0C2D-AF8B-4D37FC7424F6</attributeRef>
</usedAttributes>
</identifier>
</identifiers>
</Entity>