<?xml version = '1.0' encoding = 'UTF-8'?>
<Entity class="oracle.dbtools.crest.model.design.logical.Entity" directorySegmentName="seg_0" id="ED4CB88B-B06D-5AA3-5E06-7B1453AA6532" name="FICHA_ATENCION">
<createdBy>alexandrarms</createdBy>
<createdTime>2025-09-13 18:53:29 UTC</createdTime>
<ownerDesignName>CENTROMEDICOU</ownerDesignName>
<engineerTo>
<item key="96E985E7-43CA-8CF7-3466-73CABD6FA129" value="true"/>
</engineerTo>
<adequatelyNormalized>NO</adequatelyNormalized>
<expectedVolumes>0</expectedVolumes>
<fwdEngineeringStrategyName>Single Table</fwdEngineeringStrategyName>
<growthPercent>0</growthPercent>
<growthType>Year</growthType>
<maxVolumes>9999999</maxVolumes>
<minVolumes>0</minVolumes>
<normalForm>Third</normalForm>
<attributes itemClass="oracle.dbtools.crest.model.design.logical.Attribute">
<Attribute name="id_atencion" id="14A65BF1-3156-295F-9FFA-43C4588701F8">
<createdBy>alexandrarms</createdBy>
<createdTime>2025-09-13 18:53:57 UTC</createdTime>
<ownerDesignName>CENTROMEDICOU</ownerDesignName>
<engineerTo>
<item key="96E985E7-43CA-8CF7-3466-73CABD6FA129" value="true"/>
</engineerTo>
<useDomainConstraints>false</useDomainConstraints>
<use>1</use>
<logicalDatatype>LOGDT019</logicalDatatype>
<ownDataTypeParameters>,,</ownDataTypeParameters>
</Attribute>
<Attribute name="fecha_hora" id="B3567508-84FE-432C-200E-05C7E25B7B4E">
<createdBy>alexandrarms</createdBy>
<createdTime>2025-09-13 18:54:19 UTC</createdTime>
<ownerDesignName>CENTROMEDICOU</ownerDesignName>
<engineerTo>
<item key="96E985E7-43CA-8CF7-3466-73CABD6FA129" value="true"/>
</engineerTo>
<useDomainConstraints>false</useDomainConstraints>
<use>1</use>
<logicalDatatype>LOGDT015</logicalDatatype>
<ownDataTypeParameters>,,</ownDataTypeParameters>
</Attribute>
<Attribute name="tipo_atencion" id="0BF8C124-3D68-2588-5AB7-E3B2A0BC1E44">
<createdBy>alexandrarms</createdBy>
<createdTime>2025-09-13 18:55:04 UTC</createdTime>
<ownerDesignName>CENTROMEDICOU</ownerDesignName>
<engineerTo>
<item key="96E985E7-43CA-8CF7-3466-73CABD6FA129" value="true"/>
</engineerTo>
<constraintName>CK_FICHA_ATENCIÓN_TIPO_ATENCIÓN</constraintName>
<useDomainConstraints>false</useDomainConstraints>
<use>1</use>
<logicalDatatype>LOGDT024</logicalDatatype>
<dataTypeSize>20 CHAR</dataTypeSize>
<listOfValues>
<valueDef value="&apos;GENERAL&apos;" description=""/>
<valueDef value="&apos;PREVENTIVA&apos;" description=""/>
<valueDef value="&apos;URGENCIA&apos;" description=""/>
</listOfValues>
<ownDataTypeParameters>20 CHAR,,</ownDataTypeParameters>
</Attribute>
<Attribute name="diagnostico" id="9BF1F344-0894-D616-C2E6-AEC46A594ACA">
<createdBy>alexandrarms</createdBy>
<createdTime>2025-09-13 18:55:51 UTC</createdTime>
<ownerDesignName>CENTROMEDICOU</ownerDesignName>
<engineerTo>
<item key="96E985E7-43CA-8CF7-3466-73CABD6FA129" value="true"/>
</engineerTo>
<nullsAllowed>true</nullsAllowed>
<useDomainConstraints>false</useDomainConstraints>
<use>1</use>
<logicalDatatype>LOGDT028</logicalDatatype>
<ownDataTypeParameters>,,</ownDataTypeParameters>
</Attribute>
<Attribute name="observaciones" id="70DC3A48-B9D6-B3DF-FCD9-8722769ACFE4">
<createdBy>alexandrarms</createdBy>
<createdTime>2025-09-13 18:56:11 UTC</createdTime>
<ownerDesignName>CENTROMEDICOU</ownerDesignName>
<engineerTo>
<item key="96E985E7-43CA-8CF7-3466-73CABD6FA129" value="true"/>
</engineerTo>
<nullsAllowed>true</nullsAllowed>
<useDomainConstraints>false</useDomainConstraints>
<use>1</use>
<logicalDatatype>LOGDT028</logicalDatatype>
<ownDataTypeParameters>,,</ownDataTypeParameters>
</Attribute>
<Attribute name="rut_persona" id="ED15145C-D1D8-0485-D15F-FB39A8EE195A">
<createdBy>alexandrarms</createdBy>
<createdTime>2025-09-15 05:04:30 UTC</createdTime>
<generatorID>F6FBAAB2-4DDD-1F97-B17C-BAB2A1A1AEC2</generatorID>
<ownerDesignName>CENTROMEDICOU</ownerDesignName>
<engineerTo>
<item key="96E985E7-43CA-8CF7-3466-73CABD6FA129" value="true"/>
</engineerTo>
<referedAttribute>1BB8F1EC-9FB9-538E-94E1-1FE01098DA14</referedAttribute>
<useDomainConstraints>false</useDomainConstraints>
<use>1</use>
<logicalDatatype>LOGDT024</logicalDatatype>
<dataTypeSize>20 CHAR</dataTypeSize>
<ownDataTypeParameters>,,</ownDataTypeParameters>
</Attribute>
<Attribute name="rut_persona1" id="1A16ADE0-B408-E48E-523B-83277358496C">
<createdBy>alexandrarms</createdBy>
<createdTime>2025-09-15 05:04:45 UTC</createdTime>
<generatorID>33758114-0F9A-D847-15CF-FC9309D18149</generatorID>
<ownerDesignName>CENTROMEDICOU</ownerDesignName>
<engineerTo>
<item key="96E985E7-43CA-8CF7-3466-73CABD6FA129" value="true"/>
</engineerTo>
<referedAttribute>712560D3-A303-CF7F-1833-2B057FD972BA</referedAttribute>
<useDomainConstraints>false</useDomainConstraints>
<use>1</use>
<logicalDatatype>LOGDT024</logicalDatatype>
<dataTypeSize>20 CHAR</dataTypeSize>
<ownDataTypeParameters>,,</ownDataTypeParameters>
</Attribute>
<Attribute name="id_pago" id="B86B265C-A5ED-3FAC-5EE8-7B56541D8A4C">
<createdBy>alexandrarms</createdBy>
<createdTime>2025-09-15 05:05:22 UTC</createdTime>
<generatorID>89DBBB0D-0FE7-82C0-EBA2-DB1F5111140F</generatorID>
<ownerDesignName>CENTROMEDICOU</ownerDesignName>
<engineerTo>
<item key="96E985E7-43CA-8CF7-3466-73CABD6FA129" value="true"/>
</engineerTo>
<referedAttribute>11824D28-5647-20DA-D58A-EBEB3102DC6D</referedAttribute>
<useDomainConstraints>false</useDomainConstraints>
<use>1</use>
<logicalDatatype>LOGDT019</logicalDatatype>
<ownDataTypeParameters>,,</ownDataTypeParameters>
</Attribute>
</attributes>
<identifiers itemClass="oracle.dbtools.crest.model.design.logical.CandidateKey">
<identifier id="C42AA718-ACD9-4084-40F0-AD448E8FC0B6" name="FICHA_ATENCIÓN PK">
<createdBy>alexandrarms</createdBy>
<createdTime>2025-09-13 18:54:17 UTC</createdTime>
<ownerDesignName>CENTROMEDICOU</ownerDesignName>
<shouldEngineer>false</shouldEngineer>
<engineerTo>
<item key="96E985E7-43CA-8CF7-3466-73CABD6FA129" value="false"/>
</engineerTo>
<pk>true</pk>
<usedAttributes>
<attributeRef>14A65BF1-3156-295F-9FFA-43C4588701F8</attributeRef>
</usedAttributes>
</identifier>
<identifier id="4E18F07A-CFCA-A74E-235B-5589B6DBEBF6" name="UK_FICHA_ATEN">
<createdBy>alexandrarms</createdBy>
<createdTime>2025-09-15 04:54:39 UTC</createdTime>
<ownerDesignName>CENTROMEDICOU</ownerDesignName>
<shouldEngineer>false</shouldEngineer>
<engineerTo>
<item key="96E985E7-43CA-8CF7-3466-73CABD6FA129" value="false"/>
</engineerTo>
<newElementsIDs>14A65BF1-3156-295F-9FFA-43C4588701F8</newElementsIDs>
<usedAttributes>
<attributeRef>14A65BF1-3156-295F-9FFA-43C4588701F8</attributeRef>
</usedAttributes>
</identifier>
</identifiers>
</Entity>