<?xml version = '1.0' encoding = 'UTF-8'?>
<FKArc class="oracle.dbtools.crest.model.design.relational.FKArc" directorySegmentName="seg_0" id="D8DCC667-78A9-BFD9-7798-0E2227BCE8DC" name="FKArc_1">
<createdBy>alexandrarms</createdBy>
<createdTime>2025-09-15 05:40:54 UTC</createdTime>
<ownerDesignName>CENTROMEDICOU</ownerDesignName>
<mandatory>false</mandatory>
<reverseArc>true</reverseArc>
<table>C1DAFCF9-E201-3E98-1B21-912A1C3A266D</table>
<fkeys>
<fkeyID>F230A2BA-D18D-DFCC-F59F-2AC080D225C7</fkeyID>
<fkeyID>CC246F80-11E8-C50E-6F9D-0A4FF1827E7C</fkeyID>
</fkeys>
</FKArc>