<?xml version = '1.0' encoding = 'UTF-8'?>
<relationalModel class="oracle.dbtools.crest.model.design.relational.RelationalDesign" name="Relational_1" id="96E985E7-43CA-8CF7-3466-73CABD6FA129" mainViewID="F14A4EC4-DACD-6E91-889A-64509C6FFFC4">
<createdBy>alexandrarms</createdBy>
<createdTime>2025-09-13 18:32:04 UTC</createdTime>
<ownerDesignName>CENTROMEDICOU</ownerDesignName>
<shouldBeOpen>false</shouldBeOpen>
<selectedRDBMSSite>32076570-2523-435C-2E92-BF29817DFF70</selectedRDBMSSite>
</relationalModel>