<?xml version = '1.0' encoding = 'UTF-8'?>
<Table class="oracle.dbtools.crest.model.design.relational.Table" directorySegmentName="seg_0" id="0AC79D5C-0843-1F73-9FCE-6F5CFBE5BC42" name="REGION">
<createdBy>alexandrarms</createdBy>
<createdTime>2025-09-15 05:40:54 UTC</createdTime>
<generatorID>9C20DE13-7732-1D39-C4DB-4DAA5C22E156</generatorID>
<ownerDesignName>CENTROMEDICOU</ownerDesignName>
<allowColumnReorder>false</allowColumnReorder>
<existDependencyGenerateInDDl>true</existDependencyGenerateInDDl>
<parsed>true</parsed>
<columns itemClass="oracle.dbtools.crest.model.design.relational.Column">
<Column name="id_region" id="CE86E69C-4263-06AE-7F62-4B1DAFD1EDF0">
<createdBy>alexandrarms</createdBy>
<createdTime>2025-09-15 05:40:54 UTC</createdTime>
<generatorID>19733DA3-EF37-E0D7-BD11-14ED4B553728</generatorID>
<ownerDesignName>CENTROMEDICOU</ownerDesignName>
<useDomainConstraints>false</useDomainConstraints>
<use>1</use>
<logicalDatatype>LOGDT019</logicalDatatype>
<ownDataTypeParameters>,,</ownDataTypeParameters>
<autoIncrementCycle>false</autoIncrementCycle>
</Column>
<Column name="nombre_region" id="309676A8-86FE-8D9D-C73C-D3FE062833EF">
<createdBy>alexandrarms</createdBy>
<createdTime>2025-09-15 05:40:54 UTC</createdTime>
<generatorID>C3BBC267-369D-F1A5-9895-354F8DA60D7B</generatorID>
<ownerDesignName>CENTROMEDICOU</ownerDesignName>
<useDomainConstraints>false</useDomainConstraints>
<use>1</use>
<logicalDatatype>LOGDT024</logicalDatatype>
<dataTypeSize>100 CHAR</dataTypeSize>
<ownDataTypeParameters>100 CHAR,,</ownDataTypeParameters>
<autoIncrementCycle>false</autoIncrementCycle>
</Column>
</columns>
<indexes itemClass="oracle.dbtools.crest.model.design.relational.Index">
<ind_PK_UK id="109E5D02-910D-19C2-9870-196CABC55CBE" name="REGIÓN_PK">
<createdBy>alexandrarms</createdBy>
<createdTime>2025-09-15 05:40:54 UTC</createdTime>
<generatorID>1838B4F6-CF44-5E76-8172-E091A8766398</generatorID>
<ownerDesignName>CENTROMEDICOU</ownerDesignName>
<pk>true</pk>
<indexState>Primary Constraint</indexState>
<isSurrogateKey>false</isSurrogateKey>
<indexColumnUsage>
<colUsage columnID="CE86E69C-4263-06AE-7F62-4B1DAFD1EDF0"/>
</indexColumnUsage>
</ind_PK_UK>
<ind_PK_UK id="E6AE1AE9-CCE3-CB35-E95E-25EEE24424CE" name="REGIÓN_nombre_región_UN">
<createdBy>alexandrarms</createdBy>
<createdTime>2025-09-15 05:40:54 UTC</createdTime>
<generatorID>E5214AD8-AAC6-E25A-F390-2EBFF982F500</generatorID>
<ownerDesignName>CENTROMEDICOU</ownerDesignName>
<indexState>Unique Constraint</indexState>
<isSurrogateKey>false</isSurrogateKey>
<indexColumnUsage>
<colUsage columnID="309676A8-86FE-8D9D-C73C-D3FE062833EF"/>
</indexColumnUsage>
</ind_PK_UK>
</indexes>
</Table>