<?xml version = '1.0' encoding = 'UTF-8'?>
<Table class="oracle.dbtools.crest.model.design.relational.Table" directorySegmentName="seg_0" id="1E1F4955-CD8A-F5D1-D474-D9EEAFE68B12" name="INSTITUCION_SALUD">
<createdBy>alexandrarms</createdBy>
<createdTime>2025-09-15 05:40:54 UTC</createdTime>
<generatorID>4CF0263C-A2DF-FBA5-4AEF-A2A7EFBB8B45</generatorID>
<ownerDesignName>CENTROMEDICOU</ownerDesignName>
<allowColumnReorder>false</allowColumnReorder>
<existDependencyGenerateInDDl>true</existDependencyGenerateInDDl>
<parsed>true</parsed>
<columns itemClass="oracle.dbtools.crest.model.design.relational.Column">
<Column name="id_institucion" id="8D6B3A30-79EF-FB5F-6FFE-EDBAC8F1D574">
<createdBy>alexandrarms</createdBy>
<createdTime>2025-09-15 05:40:54 UTC</createdTime>
<generatorID>030150BD-B87A-4F3F-FDDD-C8CE90EAF3C7</generatorID>
<ownerDesignName>CENTROMEDICOU</ownerDesignName>
<useDomainConstraints>false</useDomainConstraints>
<use>1</use>
<logicalDatatype>LOGDT019</logicalDatatype>
<ownDataTypeParameters>,,</ownDataTypeParameters>
<autoIncrementCycle>false</autoIncrementCycle>
</Column>
<Column name="codigo_institucion" id="5AD5F697-4CE8-E0B7-B58F-82D5F97F2C38">
<createdBy>alexandrarms</createdBy>
<createdTime>2025-09-15 05:40:54 UTC</createdTime>
<generatorID>205E6896-121B-40D4-6EA0-89599B70F9C0</generatorID>
<ownerDesignName>CENTROMEDICOU</ownerDesignName>
<useDomainConstraints>false</useDomainConstraints>
<use>1</use>
<logicalDatatype>LOGDT024</logicalDatatype>
<dataTypeSize>20 CHAR</dataTypeSize>
<ownDataTypeParameters>20 CHAR,,</ownDataTypeParameters>
<autoIncrementCycle>false</autoIncrementCycle>
</Column>
<Column name="nombre_institucion" id="014352C9-6C51-7BEE-1990-C55F8539424F">
<createdBy>alexandrarms</createdBy>
<createdTime>2025-09-15 05:40:54 UTC</createdTime>
<generatorID>94CCCEE0-29A4-A6FC-E23A-94D36EBC5760</generatorID>
<ownerDesignName>CENTROMEDICOU</ownerDesignName>
<useDomainConstraints>false</useDomainConstraints>
<use>1</use>
<logicalDatatype>LOGDT024</logicalDatatype>
<dataTypeSize>200 CHAR</dataTypeSize>
<ownDataTypeParameters>200 CHAR,,</ownDataTypeParameters>
<autoIncrementCycle>false</autoIncrementCycle>
</Column>
<Column name="tipo_institucion" id="9D6921C0-D3EC-6357-9321-C75218D8B2D2">
<createdBy>alexandrarms</createdBy>
<createdTime>2025-09-15 05:40:54 UTC</createdTime>
<generatorID>5B083CEE-D1E9-6BDB-9D8F-BE71632D0F41</generatorID>
<ownerDesignName>CENTROMEDICOU</ownerDesignName>
<constraintName>CK_INSTITUCIÓN_SALUD_TIPO_INSTITUCIÓN</constraintName>
<useDomainConstraints>false</useDomainConstraints>
<use>1</use>
<logicalDatatype>LOGDT024</logicalDatatype>
<dataTypeSize>10 CHAR</dataTypeSize>
<listOfValues>
<valueDef value="&apos;FONASA&apos;" description=""/>
<valueDef value="&apos;ISAPRE&apos;" description=""/>
</listOfValues>
<ownDataTypeParameters>10 CHAR,,</ownDataTypeParameters>
<autoIncrementCycle>false</autoIncrementCycle>
</Column>
</columns>
<indexes itemClass="oracle.dbtools.crest.model.design.relational.Index">
<ind_PK_UK id="98089B0A-D76C-4A2B-3D09-187CA8D17151" name="INST_SALUD_PK">
<createdBy>alexandrarms</createdBy>
<createdTime>2025-09-15 05:40:54 UTC</createdTime>
<generatorID>28D3AB74-AA45-9422-D783-1E445E72B6B1</generatorID>
<ownerDesignName>CENTROMEDICOU</ownerDesignName>
<pk>true</pk>
<indexState>Primary Constraint</indexState>
<isSurrogateKey>false</isSurrogateKey>
<indexColumnUsage>
<colUsage columnID="8D6B3A30-79EF-FB5F-6FFE-EDBAC8F1D574"/>
</indexColumnUsage>
</ind_PK_UK>
<ind_PK_UK id="2BB4AD9A-4E10-0C07-AFBB-00952EABA02A" name="INSTITUCIÓN_codigo_inst_UN">
<createdBy>alexandrarms</createdBy>
<createdTime>2025-09-15 05:40:54 UTC</createdTime>
<generatorID>F92F2686-0920-E913-779D-3969FF03BA1F</generatorID>
<ownerDesignName>CENTROMEDICOU</ownerDesignName>
<indexState>Unique Constraint</indexState>
<isSurrogateKey>false</isSurrogateKey>
<indexColumnUsage>
<colUsage columnID="5AD5F697-4CE8-E0B7-B58F-82D5F97F2C38"/>
</indexColumnUsage>
</ind_PK_UK>
</indexes>
<tableCheckConstraints itemClass="oracle.dbtools.crest.model.design.constraint.TableLevelConstraint">
<tableCheckConstraint name="CK_INST_TIPO" directorySegmentName="seg_0" id="9C0410E1-F50A-2C2B-7649-3C6B64D4A29B">
<createdBy>alexandrarms</createdBy>
<createdTime>2025-09-16 00:05:12 UTC</createdTime>
<ownerDesignName>CENTROMEDICOU</ownerDesignName>
<rule><![CDATA[tipo_institucion IN ('FONASA','ISAPRE')]]></rule>
</tableCheckConstraint>
</tableCheckConstraints>
</Table>