<?xml version = '1.0' encoding = 'UTF-8'?>
<Table class="oracle.dbtools.crest.model.design.relational.Table" directorySegmentName="seg_0" id="262A310D-90D6-6734-758F-015D2CC0CD81" name="EXAMEN">
<createdBy>alexandrarms</createdBy>
<createdTime>2025-09-15 05:40:54 UTC</createdTime>
<generatorID>D345C44C-1ED7-D7AC-7215-C4BA51D2BCFE</generatorID>
<ownerDesignName>CENTROMEDICOU</ownerDesignName>
<allowColumnReorder>false</allowColumnReorder>
<existDependencyGenerateInDDl>true</existDependencyGenerateInDDl>
<parsed>true</parsed>
<columns itemClass="oracle.dbtools.crest.model.design.relational.Column">
<Column name="examen_codigo" id="B4E0CBC4-BE59-70EE-3BCF-96A0BE690BD4">
<createdBy>alexandrarms</createdBy>
<createdTime>2025-09-15 05:40:54 UTC</createdTime>
<generatorID>C559DA5F-C4BA-D0E1-399B-E5A81C38A8C4</generatorID>
<ownerDesignName>CENTROMEDICOU</ownerDesignName>
<useDomainConstraints>false</useDomainConstraints>
<use>1</use>
<logicalDatatype>LOGDT024</logicalDatatype>
<dataTypeSize>30 CHAR</dataTypeSize>
<ownDataTypeParameters>30 CHAR,,</ownDataTypeParameters>
<autoIncrementCycle>false</autoIncrementCycle>
</Column>
<Column name="nombre_examen" id="8AFDC82C-05F9-325B-CF3C-26E298139482">
<createdBy>alexandrarms</createdBy>
<createdTime>2025-09-15 05:40:54 UTC</createdTime>
<generatorID>57A62CF7-893E-F41B-8A9F-E3DE438EA05D</generatorID>
<ownerDesignName>CENTROMEDICOU</ownerDesignName>
<useDomainConstraints>false</useDomainConstraints>
<use>1</use>
<logicalDatatype>LOGDT024</logicalDatatype>
<dataTypeSize>200 CHAR</dataTypeSize>
<ownDataTypeParameters>200 CHAR,,</ownDataTypeParameters>
<autoIncrementCycle>false</autoIncrementCycle>
</Column>
<Column name="tipo_muestra" id="0A26C81E-1FB4-A3A6-237E-9D431DE5F7DC">
<createdBy>alexandrarms</createdBy>
<createdTime>2025-09-15 05:40:54 UTC</createdTime>
<generatorID>EA8CA91B-5E46-2295-71B8-34EFC0BD6429</generatorID>
<ownerDesignName>CENTROMEDICOU</ownerDesignName>
<nullsAllowed>true</nullsAllowed>
<useDomainConstraints>false</useDomainConstraints>
<use>1</use>
<logicalDatatype>LOGDT024</logicalDatatype>
<dataTypeSize>50 CHAR</dataTypeSize>
<ownDataTypeParameters>50 CHAR,,</ownDataTypeParameters>
<autoIncrementCycle>false</autoIncrementCycle>
</Column>
<Column name="condiciones_preparacion" id="A6D11D3A-F0BF-9E2E-772B-1756EB05188F">
<createdBy>alexandrarms</createdBy>
<createdTime>2025-09-15 05:40:54 UTC</createdTime>
<generatorID>6C719CC2-0614-33EB-8961-5C94B5E78EC0</generatorID>
<ownerDesignName>CENTROMEDICOU</ownerDesignName>
<nullsAllowed>true</nullsAllowed>
<useDomainConstraints>false</useDomainConstraints>
<use>1</use>
<logicalDatatype>LOGDT024</logicalDatatype>
<dataTypeSize>4000 CHAR</dataTypeSize>
<ownDataTypeParameters>4000 CHAR,,</ownDataTypeParameters>
<autoIncrementCycle>false</autoIncrementCycle>
</Column>
<Column name="descripción" id="6E602D8A-1CA5-473F-CF56-1FC8FBBF8961">
<createdBy>alexandrarms</createdBy>
<createdTime>2025-09-15 05:40:54 UTC</createdTime>
<generatorID>3E94AF3B-0956-6602-E4ED-028F4B589645</generatorID>
<ownerDesignName>CENTROMEDICOU</ownerDesignName>
<nullsAllowed>true</nullsAllowed>
<useDomainConstraints>false</useDomainConstraints>
<use>1</use>
<logicalDatatype>LOGDT024</logicalDatatype>
<dataTypeSize>4000</dataTypeSize>
<ownDataTypeParameters>4000,,</ownDataTypeParameters>
<autoIncrementCycle>false</autoIncrementCycle>
</Column>
</columns>
<indexes itemClass="oracle.dbtools.crest.model.design.relational.Index">
<ind_PK_UK id="FD7A45E9-18D9-62AB-6E17-EC2C44357ADA" name="EXAMEN_PK">
<createdBy>alexandrarms</createdBy>
<createdTime>2025-09-15 05:40:54 UTC</createdTime>
<generatorID>AC579C6E-D0F4-2AED-95FE-80CDED39EC74</generatorID>
<ownerDesignName>CENTROMEDICOU</ownerDesignName>
<pk>true</pk>
<indexState>Primary Constraint</indexState>
<isSurrogateKey>false</isSurrogateKey>
<indexColumnUsage>
<colUsage columnID="B4E0CBC4-BE59-70EE-3BCF-96A0BE690BD4"/>
</indexColumnUsage>
</ind_PK_UK>
<ind_PK_UK id="F1D32F11-8306-7C33-2563-425C51C89465" name="EXAMEN_examen_codigo_UN">
<createdBy>alexandrarms</createdBy>
<createdTime>2025-09-15 05:40:54 UTC</createdTime>
<generatorID>844B8AD3-5EAE-58E6-6852-FE36F3AF29F7</generatorID>
<ownerDesignName>CENTROMEDICOU</ownerDesignName>
<indexState>Unique Constraint</indexState>
<isSurrogateKey>false</isSurrogateKey>
<indexColumnUsage>
<colUsage columnID="B4E0CBC4-BE59-70EE-3BCF-96A0BE690BD4"/>
</indexColumnUsage>
</ind_PK_UK>
</indexes>
</Table>