<?xml version = '1.0' encoding = 'UTF-8'?>
<Table class="oracle.dbtools.crest.model.design.relational.Table" directorySegmentName="seg_0" id="40258822-70E1-4A41-C40E-0D4E13FB5010" name="PAGO">
<createdBy>alexandrarms</createdBy>
<createdTime>2025-09-15 05:40:54 UTC</createdTime>
<generatorID>1B45C09A-DDA9-5801-417A-B235DCC64468</generatorID>
<ownerDesignName>CENTROMEDICOU</ownerDesignName>
<allowColumnReorder>false</allowColumnReorder>
<existDependencyGenerateInDDl>true</existDependencyGenerateInDDl>
<parsed>true</parsed>
<columns itemClass="oracle.dbtools.crest.model.design.relational.Column">
<Column name="id_pago" id="E698AFFB-F440-F26D-B312-C1644FE86A70">
<createdBy>alexandrarms</createdBy>
<createdTime>2025-09-15 05:40:54 UTC</createdTime>
<generatorID>11824D28-5647-20DA-D58A-EBEB3102DC6D</generatorID>
<ownerDesignName>CENTROMEDICOU</ownerDesignName>
<useDomainConstraints>false</useDomainConstraints>
<use>1</use>
<logicalDatatype>LOGDT019</logicalDatatype>
<ownDataTypeParameters>,,</ownDataTypeParameters>
<autoIncrementCycle>false</autoIncrementCycle>
</Column>
<Column name="monto" id="79710DB5-BEEB-840E-E921-E3E9FD7BD624">
<createdBy>alexandrarms</createdBy>
<createdTime>2025-09-15 05:40:54 UTC</createdTime>
<generatorID>5370D874-79F7-E39B-E7C9-614D66BE22EE</generatorID>
<ownerDesignName>CENTROMEDICOU</ownerDesignName>
<constraintName>CK_PAGO_MONTO</constraintName>
<useDomainConstraints>false</useDomainConstraints>
<use>1</use>
<logicalDatatype>LOGDT019</logicalDatatype>
<dataTypePrecision>12</dataTypePrecision>
<dataTypeScale>2</dataTypeScale>
<checkConstraint>
<implementationDef dbType="Generic Constraint" definition="monto &gt;=0"/>
</checkConstraint>
<ownDataTypeParameters>,12,2</ownDataTypeParameters>
<autoIncrementCycle>false</autoIncrementCycle>
</Column>
<Column name="tipo_pago" id="1EB9F03D-3734-A0F7-9647-E3538065A968">
<createdBy>alexandrarms</createdBy>
<createdTime>2025-09-15 05:40:54 UTC</createdTime>
<generatorID>2C65B4BA-BF2F-2939-DF1D-1B2433F2A822</generatorID>
<ownerDesignName>CENTROMEDICOU</ownerDesignName>
<constraintName>CK_PAGO_TIPO_PAGO</constraintName>
<useDomainConstraints>false</useDomainConstraints>
<use>1</use>
<logicalDatatype>LOGDT024</logicalDatatype>
<dataTypeSize>20 CHAR</dataTypeSize>
<listOfValues>
<valueDef value="&apos;CONVENIO&apos;" description=""/>
<valueDef value="&apos;EFECTIVO&apos;" description=""/>
<valueDef value="&apos;TARJETA&apos;" description=""/>
</listOfValues>
<ownDataTypeParameters>20 CHAR,,</ownDataTypeParameters>
<autoIncrementCycle>false</autoIncrementCycle>
</Column>
<Column name="fecha_pago" id="F2FB6488-27E5-D15D-08B7-1F97CC94AFD7">
<createdBy>alexandrarms</createdBy>
<createdTime>2025-09-15 05:40:54 UTC</createdTime>
<generatorID>0ACA6ED4-2D00-659E-84AE-14C015A9A5C8</generatorID>
<ownerDesignName>CENTROMEDICOU</ownerDesignName>
<useDomainConstraints>false</useDomainConstraints>
<use>1</use>
<logicalDatatype>LOGDT007</logicalDatatype>
<ownDataTypeParameters>,,</ownDataTypeParameters>
<autoIncrementCycle>false</autoIncrementCycle>
</Column>
<Column name="detalle" id="50037661-1C04-387B-1EE7-DE7994EB2A63">
<createdBy>alexandrarms</createdBy>
<createdTime>2025-09-15 05:40:54 UTC</createdTime>
<generatorID>40F41ECE-0256-28CE-C48E-55EF199BC224</generatorID>
<ownerDesignName>CENTROMEDICOU</ownerDesignName>
<nullsAllowed>true</nullsAllowed>
<useDomainConstraints>false</useDomainConstraints>
<use>1</use>
<logicalDatatype>LOGDT024</logicalDatatype>
<dataTypeSize>4000 CHAR</dataTypeSize>
<ownDataTypeParameters>4000 CHAR,,</ownDataTypeParameters>
<autoIncrementCycle>false</autoIncrementCycle>
</Column>
<Column name="FICHA_ATENCION_id_atencion" id="40484C4C-CFD9-9421-AD2F-72F183EED446">
<createdBy>alexandrarms</createdBy>
<createdTime>2025-09-15 05:40:54 UTC</createdTime>
<generatorID>34124770-F3D9-92F0-5F3D-C28D422288D4</generatorID>
<ownerDesignName>CENTROMEDICOU</ownerDesignName>
<useDomainConstraints>false</useDomainConstraints>
<use>1</use>
<logicalDatatype>LOGDT019</logicalDatatype>
<ownDataTypeParameters>,,</ownDataTypeParameters>
<previousColumn>false</previousColumn>
<autoIncrementCycle>false</autoIncrementCycle>
<associations>
<colAssociation fkAssociation="BEC0E954-A8EE-8962-C11B-E65A92870DF1" referredColumn="951C89C4-C6DC-9E1B-0DC2-8D72FC9E7268"/>
</associations>
</Column>
</columns>
<indexes itemClass="oracle.dbtools.crest.model.design.relational.Index">
<ind_PK_UK id="41BE2C4E-B350-B30A-82A5-DED433F454E6" name="PAGO_PK">
<createdBy>alexandrarms</createdBy>
<createdTime>2025-09-15 05:40:54 UTC</createdTime>
<generatorID>B8C071A4-8657-C817-570C-4C5D465FEB3B</generatorID>
<ownerDesignName>CENTROMEDICOU</ownerDesignName>
<pk>true</pk>
<indexState>Primary Constraint</indexState>
<isSurrogateKey>false</isSurrogateKey>
<indexColumnUsage>
<colUsage columnID="E698AFFB-F440-F26D-B312-C1644FE86A70"/>
</indexColumnUsage>
</ind_PK_UK>
<ind_PK_UK id="0BAF3636-94B0-46F8-7896-96E5901ACBAB" name="PAGO__IDX">
<createdBy>alexandrarms</createdBy>
<createdTime>2025-09-15 05:40:55 UTC</createdTime>
<ownerDesignName>CENTROMEDICOU</ownerDesignName>
<indexState>Unique Plain Index</indexState>
<isSurrogateKey>false</isSurrogateKey>
<relationGeneratorID>89DBBB0D-0FE7-82C0-EBA2-DB1F5111140F</relationGeneratorID>
<indexColumnUsage>
<colUsage columnID="40484C4C-CFD9-9421-AD2F-72F183EED446"/>
</indexColumnUsage>
</ind_PK_UK>
<ind_PK_UK id="13344285-828A-E5FE-4EA1-038CDFF8B4AA" name="PAGO_FICHA_ATENCION_FK">
<createdBy>alexandrarms</createdBy>
<createdTime>2025-09-16 00:30:06 UTC</createdTime>
<generatorID>89DBBB0D-0FE7-82C0-EBA2-DB1F5111140F</generatorID>
<ownerDesignName>CENTROMEDICOU</ownerDesignName>
<indexState>Foreign Key</indexState>
<isSurrogateKey>false</isSurrogateKey>
<indexColumnUsage>
<colUsage columnID="40484C4C-CFD9-9421-AD2F-72F183EED446"/>
</indexColumnUsage>
</ind_PK_UK>
</indexes>
<tableCheckConstraints itemClass="oracle.dbtools.crest.model.design.constraint.TableLevelConstraint">
<tableCheckConstraint name="CK_PAGO_MONTO" directorySegmentName="seg_0" id="C556D4CB-CA24-222F-4F24-3C4685935161">
<createdBy>alexandrarms</createdBy>
<createdTime>2025-09-16 00:08:40 UTC</createdTime>
<ownerDesignName>CENTROMEDICOU</ownerDesignName>
<rule><![CDATA[monto >= 0 ]]></rule>
</tableCheckConstraint>
</tableCheckConstraints>
</Table>