<?xml version = '1.0' encoding = 'UTF-8'?>
<Table class="oracle.dbtools.crest.model.design.relational.Table" directorySegmentName="seg_0" id="43BC6CAE-4C32-B69A-C59D-67FFEDC4A07B" name="RESULTADO_EXAMEN">
<createdBy>alexandrarms</createdBy>
<createdTime>2025-09-15 05:40:54 UTC</createdTime>
<generatorID>96B99962-C4F5-63AE-9F6D-26460AB96E70</generatorID>
<ownerDesignName>CENTROMEDICOU</ownerDesignName>
<allowColumnReorder>false</allowColumnReorder>
<existDependencyGenerateInDDl>true</existDependencyGenerateInDDl>
<parsed>true</parsed>
<columns itemClass="oracle.dbtools.crest.model.design.relational.Column">
<Column name="id_resultado" id="25EB824F-D0D6-47CF-4E7E-6E82729869F0">
<createdBy>alexandrarms</createdBy>
<createdTime>2025-09-15 05:40:54 UTC</createdTime>
<generatorID>B8E37B36-12E0-CDB6-698F-881F07229E96</generatorID>
<ownerDesignName>CENTROMEDICOU</ownerDesignName>
<useDomainConstraints>false</useDomainConstraints>
<use>1</use>
<logicalDatatype>LOGDT019</logicalDatatype>
<ownDataTypeParameters>,,</ownDataTypeParameters>
<autoIncrementCycle>false</autoIncrementCycle>
</Column>
<Column name="valor_resultado" id="1CE3DCBC-421B-427C-56C2-FBFC24075467">
<createdBy>alexandrarms</createdBy>
<createdTime>2025-09-15 05:40:54 UTC</createdTime>
<generatorID>4B4FE28E-3700-3DF3-100C-495F77FF9CBC</generatorID>
<ownerDesignName>CENTROMEDICOU</ownerDesignName>
<nullsAllowed>true</nullsAllowed>
<useDomainConstraints>false</useDomainConstraints>
<use>1</use>
<logicalDatatype>LOGDT024</logicalDatatype>
<dataTypeSize>4000 CHAR</dataTypeSize>
<ownDataTypeParameters>4000 CHAR,,</ownDataTypeParameters>
<autoIncrementCycle>false</autoIncrementCycle>
</Column>
<Column name="unidades" id="25335673-F754-7DA8-ECB3-C71EE619B809">
<createdBy>alexandrarms</createdBy>
<createdTime>2025-09-15 05:40:54 UTC</createdTime>
<generatorID>2684A50A-A1DE-30EB-0885-917E32B7AD03</generatorID>
<ownerDesignName>CENTROMEDICOU</ownerDesignName>
<nullsAllowed>true</nullsAllowed>
<useDomainConstraints>false</useDomainConstraints>
<use>1</use>
<logicalDatatype>LOGDT024</logicalDatatype>
<dataTypeSize>100 CHAR</dataTypeSize>
<ownDataTypeParameters>100 CHAR,,</ownDataTypeParameters>
<autoIncrementCycle>false</autoIncrementCycle>
</Column>
<Column name="rango_referencia" id="6616F0D4-8109-3137-97DB-30DBDE8F527E">
<createdBy>alexandrarms</createdBy>
<createdTime>2025-09-15 05:40:54 UTC</createdTime>
<generatorID>02659C3B-5C3D-F417-69CE-2BE6ACAE85BB</generatorID>
<ownerDesignName>CENTROMEDICOU</ownerDesignName>
<nullsAllowed>true</nullsAllowed>
<useDomainConstraints>false</useDomainConstraints>
<use>1</use>
<logicalDatatype>LOGDT024</logicalDatatype>
<dataTypeSize>200 CHAR</dataTypeSize>
<ownDataTypeParameters>200 CHAR,,</ownDataTypeParameters>
<autoIncrementCycle>false</autoIncrementCycle>
</Column>
<Column name="fecha_resultado" id="527192E6-9D0F-3EC7-8333-40EAD2C48D36">
<createdBy>alexandrarms</createdBy>
<createdTime>2025-09-15 05:40:54 UTC</createdTime>
<generatorID>38D03716-A9C0-2869-53D1-D75B23043E6A</generatorID>
<ownerDesignName>CENTROMEDICOU</ownerDesignName>
<useDomainConstraints>false</useDomainConstraints>
<use>1</use>
<logicalDatatype>LOGDT007</logicalDatatype>
<ownDataTypeParameters>,,</ownDataTypeParameters>
<autoIncrementCycle>false</autoIncrementCycle>
</Column>
<Column name="ingresado_por" id="C61E44B6-F592-2F2D-D98A-8153DA48B699">
<createdBy>alexandrarms</createdBy>
<createdTime>2025-09-15 05:40:54 UTC</createdTime>
<generatorID>D226F3B3-AD0D-64FF-69C7-6F5B5956A11C</generatorID>
<ownerDesignName>CENTROMEDICOU</ownerDesignName>
<nullsAllowed>true</nullsAllowed>
<useDomainConstraints>false</useDomainConstraints>
<use>1</use>
<logicalDatatype>LOGDT024</logicalDatatype>
<dataTypeSize>200 CHAR</dataTypeSize>
<ownDataTypeParameters>200 CHAR,,</ownDataTypeParameters>
<autoIncrementCycle>false</autoIncrementCycle>
</Column>
<Column name="observaciones" id="7107B614-7C71-B386-6C7F-0F3BE746B186">
<createdBy>alexandrarms</createdBy>
<createdTime>2025-09-15 05:40:54 UTC</createdTime>
<generatorID>4B90CA74-D99B-E292-E2F3-BA0C56B6AB78</generatorID>
<ownerDesignName>CENTROMEDICOU</ownerDesignName>
<nullsAllowed>true</nullsAllowed>
<useDomainConstraints>false</useDomainConstraints>
<use>1</use>
<logicalDatatype>LOGDT024</logicalDatatype>
<dataTypeSize>4000 CHAR</dataTypeSize>
<ownDataTypeParameters>4000 CHAR,,</ownDataTypeParameters>
<autoIncrementCycle>false</autoIncrementCycle>
</Column>
<Column name="SOLICITUD_EXAMEN_id_solicitud" id="CD6D14EA-5F09-87F5-E153-129614C071E2">
<createdBy>alexandrarms</createdBy>
<createdTime>2025-09-15 05:40:54 UTC</createdTime>
<generatorID>2E3961F4-6A28-5967-56F1-CCABC706FD2D</generatorID>
<ownerDesignName>CENTROMEDICOU</ownerDesignName>
<useDomainConstraints>false</useDomainConstraints>
<use>1</use>
<logicalDatatype>LOGDT019</logicalDatatype>
<ownDataTypeParameters>,,</ownDataTypeParameters>
<previousColumn>false</previousColumn>
<autoIncrementCycle>false</autoIncrementCycle>
<associations>
<colAssociation fkAssociation="C12571BC-B024-40E8-A50C-435D750F2954" referredColumn="90A1B419-9215-9B91-7571-8BE8F8E6122E"/>
</associations>
</Column>
</columns>
<indexes itemClass="oracle.dbtools.crest.model.design.relational.Index">
<ind_PK_UK id="D7FEEB72-F669-38FB-00A1-1A06F6D39CF5" name="RES_EXAMEN_PK">
<createdBy>alexandrarms</createdBy>
<createdTime>2025-09-15 05:40:54 UTC</createdTime>
<generatorID>A652216F-0D9F-7635-71DA-1DC2762E9F2C</generatorID>
<ownerDesignName>CENTROMEDICOU</ownerDesignName>
<pk>true</pk>
<indexState>Primary Constraint</indexState>
<isSurrogateKey>false</isSurrogateKey>
<indexColumnUsage>
<colUsage columnID="25EB824F-D0D6-47CF-4E7E-6E82729869F0"/>
</indexColumnUsage>
</ind_PK_UK>
<ind_PK_UK id="DA4D62F2-ADD9-1CBD-1BCF-74EED7D893B7" name="RESULTADO_EXAMEN__IDX">
<createdBy>alexandrarms</createdBy>
<createdTime>2025-09-15 05:40:55 UTC</createdTime>
<ownerDesignName>CENTROMEDICOU</ownerDesignName>
<indexState>Unique Plain Index</indexState>
<isSurrogateKey>false</isSurrogateKey>
<relationGeneratorID>966677A4-F094-748B-1CF9-58EAB1A9A62A</relationGeneratorID>
<indexColumnUsage>
<colUsage columnID="CD6D14EA-5F09-87F5-E153-129614C071E2"/>
</indexColumnUsage>
</ind_PK_UK>
<ind_PK_UK id="6E42763C-3373-111F-BC30-C64294FA7662" name="RESULT_EXAMEN_SOLICITUD__FK">
<createdBy>alexandrarms</createdBy>
<createdTime>2025-09-15 05:40:55 UTC</createdTime>
<generatorID>966677A4-F094-748B-1CF9-58EAB1A9A62A</generatorID>
<ownerDesignName>CENTROMEDICOU</ownerDesignName>
<indexState>Foreign Key</indexState>
<isSurrogateKey>false</isSurrogateKey>
<indexColumnUsage>
<colUsage columnID="CD6D14EA-5F09-87F5-E153-129614C071E2"/>
</indexColumnUsage>
</ind_PK_UK>
</indexes>
</Table>