<?xml version = '1.0' encoding = 'UTF-8'?>
<Table class="oracle.dbtools.crest.model.design.relational.Table" directorySegmentName="seg_0" id="87D17536-0BC4-B169-C72C-687895743FB3" name="MEDICO">
<createdBy>alexandrarms</createdBy>
<createdTime>2025-09-15 05:40:54 UTC</createdTime>
<generatorID>674DC3DA-FE6C-DF06-0D81-3ACD4A5B1D14</generatorID>
<ownerDesignName>CENTROMEDICOU</ownerDesignName>
<allowColumnReorder>false</allowColumnReorder>
<existDependencyGenerateInDDl>true</existDependencyGenerateInDDl>
<parsed>true</parsed>
<columns itemClass="oracle.dbtools.crest.model.design.relational.Column">
<Column name="rut_persona" id="F34A1740-B95E-994A-2736-A35DBC048A1F">
<createdBy>alexandrarms</createdBy>
<createdTime>2025-09-15 05:40:54 UTC</createdTime>
<generatorID>508C207C-8841-9EB2-5EBC-BC20CEFDD983</generatorID>
<ownerDesignName>CENTROMEDICOU</ownerDesignName>
<useDomainConstraints>false</useDomainConstraints>
<use>1</use>
<logicalDatatype>LOGDT024</logicalDatatype>
<dataTypeSize>20 CHAR</dataTypeSize>
<ownDataTypeParameters>,,</ownDataTypeParameters>
<autoIncrementCycle>false</autoIncrementCycle>
<associations>
<colAssociation fkAssociation="CC246F80-11E8-C50E-6F9D-0A4FF1827E7C" referredColumn="836A4286-BB3A-0F27-8C49-4562EC0E975A"/>
</associations>
</Column>
<Column name="rut_persona" id="9907ADE5-C7D0-546C-9076-3ECB34D2CB0B">
<createdBy>alexandrarms</createdBy>
<createdTime>2025-09-15 05:40:54 UTC</createdTime>
<generatorID>712560D3-A303-CF7F-1833-2B057FD972BA</generatorID>
<ownerDesignName>CENTROMEDICOU</ownerDesignName>
<useDomainConstraints>false</useDomainConstraints>
<use>1</use>
<logicalDatatype>LOGDT024</logicalDatatype>
<dataTypeSize>20 CHAR</dataTypeSize>
<ownDataTypeParameters>20 CHAR,,</ownDataTypeParameters>
<autoIncrementCycle>false</autoIncrementCycle>
</Column>
<Column name="fecha_ingreso" id="E56351C0-D130-6D93-14F5-2CF1DF900C68">
<createdBy>alexandrarms</createdBy>
<createdTime>2025-09-15 05:40:54 UTC</createdTime>
<generatorID>1ACA9360-E085-202E-D4A4-67FC867B0813</generatorID>
<ownerDesignName>CENTROMEDICOU</ownerDesignName>
<useDomainConstraints>false</useDomainConstraints>
<use>1</use>
<logicalDatatype>LOGDT007</logicalDatatype>
<ownDataTypeParameters>,,</ownDataTypeParameters>
<autoIncrementCycle>false</autoIncrementCycle>
</Column>
<Column name="UNIDAD_ATENCION_id_unidad" id="951051E7-E2B9-1055-81E7-C60FF1D59CE0">
<createdBy>alexandrarms</createdBy>
<createdTime>2025-09-15 05:40:54 UTC</createdTime>
<generatorID>777E6C31-D5D4-F6C1-72C6-B70C6260AFA7</generatorID>
<ownerDesignName>CENTROMEDICOU</ownerDesignName>
<useDomainConstraints>false</useDomainConstraints>
<use>1</use>
<logicalDatatype>LOGDT019</logicalDatatype>
<ownDataTypeParameters>,,</ownDataTypeParameters>
<previousColumn>false</previousColumn>
<autoIncrementCycle>false</autoIncrementCycle>
<associations>
<colAssociation fkAssociation="889CFE43-9930-8893-A29D-A2AB9062FFC3" referredColumn="4C031F61-050C-DCE5-0B48-D5777E0A4693"/>
</associations>
</Column>
<Column name="ESPECIALIDAD_id_especialidad" id="84445DCB-D19F-8C3F-5393-6D011280611E">
<createdBy>alexandrarms</createdBy>
<createdTime>2025-09-15 05:40:54 UTC</createdTime>
<generatorID>9A9F6A0F-5E9D-B009-03A7-9038FD05EB40</generatorID>
<ownerDesignName>CENTROMEDICOU</ownerDesignName>
<useDomainConstraints>false</useDomainConstraints>
<use>1</use>
<logicalDatatype>LOGDT019</logicalDatatype>
<ownDataTypeParameters>,,</ownDataTypeParameters>
<previousColumn>false</previousColumn>
<autoIncrementCycle>false</autoIncrementCycle>
<associations>
<colAssociation fkAssociation="22458C7D-7DF1-8D2E-7405-7D92877A94B7" referredColumn="95FE3CA1-A647-8CC5-C2C2-E1295CBD16A2"/>
</associations>
</Column>
<Column name="AFP_id_afp" id="35CA4705-1AF8-A4E7-F577-F5AACA62214A">
<createdBy>alexandrarms</createdBy>
<createdTime>2025-09-15 05:40:54 UTC</createdTime>
<generatorID>B222D86E-99E2-FAC6-E21A-78D872FA0788</generatorID>
<ownerDesignName>CENTROMEDICOU</ownerDesignName>
<useDomainConstraints>false</useDomainConstraints>
<use>1</use>
<logicalDatatype>LOGDT019</logicalDatatype>
<ownDataTypeParameters>,,</ownDataTypeParameters>
<previousColumn>false</previousColumn>
<autoIncrementCycle>false</autoIncrementCycle>
<associations>
<colAssociation fkAssociation="D5CD5D57-7FAB-3609-5E81-A0CCECD3A579" referredColumn="DA6AB65F-0B3B-195D-2E5E-2A8B7F5E853C"/>
</associations>
</Column>
<Column name="INSTITUCION_SALUD_id_institucion" id="5B53A72B-531F-C8A1-2793-E0BB316A8C51">
<createdBy>alexandrarms</createdBy>
<createdTime>2025-09-15 05:40:54 UTC</createdTime>
<generatorID>92D901D4-4AD6-BCE8-9B2D-3EACA2D3913D</generatorID>
<ownerDesignName>CENTROMEDICOU</ownerDesignName>
<useDomainConstraints>false</useDomainConstraints>
<use>1</use>
<logicalDatatype>LOGDT019</logicalDatatype>
<ownDataTypeParameters>,,</ownDataTypeParameters>
<previousColumn>false</previousColumn>
<autoIncrementCycle>false</autoIncrementCycle>
<associations>
<colAssociation fkAssociation="7A23E5D1-C8FB-CF17-24F1-B43F7ADF9A58" referredColumn="8D6B3A30-79EF-FB5F-6FFE-EDBAC8F1D574"/>
</associations>
</Column>
<Column name="MEDICO_rut_persona" id="3CAD96E1-941F-F36F-7A8A-86877A3A9F33">
<createdBy>alexandrarms</createdBy>
<createdTime>2025-09-15 05:40:54 UTC</createdTime>
<generatorID>60AB04EE-BAE5-90E8-DE89-020A3EF0D660</generatorID>
<ownerDesignName>CENTROMEDICOU</ownerDesignName>
<useDomainConstraints>false</useDomainConstraints>
<use>1</use>
<logicalDatatype>LOGDT024</logicalDatatype>
<dataTypeSize>20 CHAR</dataTypeSize>
<ownDataTypeParameters>,,</ownDataTypeParameters>
<previousColumn>false</previousColumn>
<autoIncrementCycle>false</autoIncrementCycle>
<associations>
<colAssociation fkAssociation="C93F3FAF-5BD1-3B9E-87E3-35B59B446010" referredColumn="9907ADE5-C7D0-546C-9076-3ECB34D2CB0B"/>
</associations>
</Column>
<Column name="PERSONA_rut_persona" id="6D686B85-7200-069B-61F9-560200FB79C3">
<createdBy>alexandrarms</createdBy>
<createdTime>2025-09-15 05:40:54 UTC</createdTime>
<generatorID>DF53E72D-888A-8180-1CA9-227932FA20DF</generatorID>
<ownerDesignName>CENTROMEDICOU</ownerDesignName>
<useDomainConstraints>false</useDomainConstraints>
<use>1</use>
<logicalDatatype>LOGDT024</logicalDatatype>
<dataTypeSize>20 CHAR</dataTypeSize>
<ownDataTypeParameters>,,</ownDataTypeParameters>
<previousColumn>false</previousColumn>
<autoIncrementCycle>false</autoIncrementCycle>
<associations>
<colAssociation fkAssociation="DBCE5649-F015-B763-750C-7835DC380A94" referredColumn="836A4286-BB3A-0F27-8C49-4562EC0E975A"/>
</associations>
</Column>
</columns>
<indexes itemClass="oracle.dbtools.crest.model.design.relational.Index">
<ind_PK_UK id="49C58CD2-8CE6-01DF-E6CC-8ADC82968278" name="MÉDICO_PK">
<createdBy>alexandrarms</createdBy>
<createdTime>2025-09-15 05:40:54 UTC</createdTime>
<generatorID>5FF20754-EA50-F21F-CAA8-E317399A6CE5</generatorID>
<ownerDesignName>CENTROMEDICOU</ownerDesignName>
<pk>true</pk>
<indexState>Primary Constraint</indexState>
<isSurrogateKey>false</isSurrogateKey>
<indexColumnUsage>
<colUsage columnID="F34A1740-B95E-994A-2736-A35DBC048A1F"/>
</indexColumnUsage>
</ind_PK_UK>
<ind_PK_UK id="2247A800-F18A-4638-142F-05D28C484A2C" name="MEDICO_PK">
<createdBy>alexandrarms</createdBy>
<createdTime>2025-09-15 05:40:54 UTC</createdTime>
<generatorID>5944F735-9298-8E23-492A-2C6732F745D8</generatorID>
<ownerDesignName>CENTROMEDICOU</ownerDesignName>
<indexState>Unique Constraint</indexState>
<isSurrogateKey>false</isSurrogateKey>
<indexColumnUsage>
<colUsage columnID="9907ADE5-C7D0-546C-9076-3ECB34D2CB0B"/>
</indexColumnUsage>
</ind_PK_UK>
<ind_PK_UK id="1D5F8960-2F3E-6EBF-D0AF-5586037B0B2F" name="MÉDICO__IDX">
<createdBy>alexandrarms</createdBy>
<createdTime>2025-09-15 05:40:55 UTC</createdTime>
<ownerDesignName>CENTROMEDICOU</ownerDesignName>
<indexState>Unique Plain Index</indexState>
<isSurrogateKey>false</isSurrogateKey>
<relationGeneratorID>64547E59-83DA-9B40-566E-01A9391F8A34</relationGeneratorID>
<indexColumnUsage>
<colUsage columnID="6D686B85-7200-069B-61F9-560200FB79C3"/>
</indexColumnUsage>
</ind_PK_UK>
<ind_PK_UK id="CA12BB1C-F047-3F88-6E4F-D7502F2389CD" name="MÉDICO_PERSONA_FK">
<createdBy>alexandrarms</createdBy>
<createdTime>2025-09-15 05:40:54 UTC</createdTime>
<generatorID>33D44667-E18B-66A4-A9B1-59F7C2797820</generatorID>
<ownerDesignName>CENTROMEDICOU</ownerDesignName>
<indexState>Foreign Key</indexState>
<isSurrogateKey>false</isSurrogateKey>
<indexColumnUsage>
<colUsage columnID="F34A1740-B95E-994A-2736-A35DBC048A1F"/>
</indexColumnUsage>
</ind_PK_UK>
<ind_PK_UK id="BAE15C8C-4701-D77E-1D07-4732C915850B" name="MEDICO_UNIDAD_ATENCION_FK">
<createdBy>alexandrarms</createdBy>
<createdTime>2025-09-15 05:40:55 UTC</createdTime>
<generatorID>7BA6ECDB-87F1-102D-E2DB-8ACED2C66B44</generatorID>
<ownerDesignName>CENTROMEDICOU</ownerDesignName>
<indexState>Foreign Key</indexState>
<isSurrogateKey>false</isSurrogateKey>
<indexColumnUsage>
<colUsage columnID="951051E7-E2B9-1055-81E7-C60FF1D59CE0"/>
</indexColumnUsage>
</ind_PK_UK>
<ind_PK_UK id="D3CD4415-69C5-C64D-8A99-4320BF9E1931" name="MEDICO_ESPECIALIDAD_FK">
<createdBy>alexandrarms</createdBy>
<createdTime>2025-09-15 05:40:55 UTC</createdTime>
<generatorID>0460AE4F-29DD-62A7-7BC1-5463CA8C612C</generatorID>
<ownerDesignName>CENTROMEDICOU</ownerDesignName>
<indexState>Foreign Key</indexState>
<isSurrogateKey>false</isSurrogateKey>
<indexColumnUsage>
<colUsage columnID="84445DCB-D19F-8C3F-5393-6D011280611E"/>
</indexColumnUsage>
</ind_PK_UK>
<ind_PK_UK id="80139DB2-045E-1FCA-658F-363A478F877F" name="MEDICO_AFP_FK">
<createdBy>alexandrarms</createdBy>
<createdTime>2025-09-15 05:40:55 UTC</createdTime>
<generatorID>EBCC6C6E-D37D-E11C-9747-4BD58394856B</generatorID>
<ownerDesignName>CENTROMEDICOU</ownerDesignName>
<indexState>Foreign Key</indexState>
<isSurrogateKey>false</isSurrogateKey>
<indexColumnUsage>
<colUsage columnID="35CA4705-1AF8-A4E7-F577-F5AACA62214A"/>
</indexColumnUsage>
</ind_PK_UK>
<ind_PK_UK id="65DC7527-01DF-7018-5677-851F25F69AC7" name="MEDICO_INSTITUCION_SALUD_FK">
<createdBy>alexandrarms</createdBy>
<createdTime>2025-09-15 05:40:55 UTC</createdTime>
<generatorID>A01C19B2-BF62-1F3E-1767-81D4D8317EE4</generatorID>
<ownerDesignName>CENTROMEDICOU</ownerDesignName>
<indexState>Foreign Key</indexState>
<isSurrogateKey>false</isSurrogateKey>
<indexColumnUsage>
<colUsage columnID="5B53A72B-531F-C8A1-2793-E0BB316A8C51"/>
</indexColumnUsage>
</ind_PK_UK>
<ind_PK_UK id="1488B7A4-4F57-652C-AC2F-82D2FE891A5A" name="MEDICO_MEDICO_FK">
<createdBy>alexandrarms</createdBy>
<createdTime>2025-09-15 05:40:55 UTC</createdTime>
<generatorID>7EA6760A-B079-20B1-C5CA-B8B9265FBA9D</generatorID>
<ownerDesignName>CENTROMEDICOU</ownerDesignName>
<indexState>Foreign Key</indexState>
<isSurrogateKey>false</isSurrogateKey>
<indexColumnUsage>
<colUsage columnID="3CAD96E1-941F-F36F-7A8A-86877A3A9F33"/>
</indexColumnUsage>
</ind_PK_UK>
<ind_PK_UK id="FA4E21FC-E078-855B-26C9-7D422ED6C38A" name="MEDICO_PERSONA_FK">
<createdBy>alexandrarms</createdBy>
<createdTime>2025-09-15 05:40:55 UTC</createdTime>
<generatorID>64547E59-83DA-9B40-566E-01A9391F8A34</generatorID>
<ownerDesignName>CENTROMEDICOU</ownerDesignName>
<indexState>Foreign Key</indexState>
<isSurrogateKey>false</isSurrogateKey>
<indexColumnUsage>
<colUsage columnID="6D686B85-7200-069B-61F9-560200FB79C3"/>
</indexColumnUsage>
</ind_PK_UK>
</indexes>
</Table>