<?xml version = '1.0' encoding = 'UTF-8'?>
<Table class="oracle.dbtools.crest.model.design.relational.Table" directorySegmentName="seg_0" id="91EB8728-D603-ECF4-7FB5-EBEC2167FD86" name="PACIENTE">
<createdBy>alexandrarms</createdBy>
<createdTime>2025-09-15 05:40:54 UTC</createdTime>
<generatorID>B09F8CF6-CE53-A3A0-3BCC-69E9E6847E7F</generatorID>
<ownerDesignName>CENTROMEDICOU</ownerDesignName>
<allowColumnReorder>false</allowColumnReorder>
<existDependencyGenerateInDDl>true</existDependencyGenerateInDDl>
<parsed>true</parsed>
<columns itemClass="oracle.dbtools.crest.model.design.relational.Column">
<Column name="rut_persona" id="B8E26B2E-1B8F-FF9B-CEEB-CD94D11253D2">
<createdBy>alexandrarms</createdBy>
<createdTime>2025-09-15 05:40:54 UTC</createdTime>
<generatorID>508C207C-8841-9EB2-5EBC-BC20CEFDD983</generatorID>
<ownerDesignName>CENTROMEDICOU</ownerDesignName>
<useDomainConstraints>false</useDomainConstraints>
<use>1</use>
<logicalDatatype>LOGDT024</logicalDatatype>
<dataTypeSize>20 CHAR</dataTypeSize>
<ownDataTypeParameters>,,</ownDataTypeParameters>
<autoIncrementCycle>false</autoIncrementCycle>
<associations>
<colAssociation fkAssociation="F230A2BA-D18D-DFCC-F59F-2AC080D225C7" referredColumn="836A4286-BB3A-0F27-8C49-4562EC0E975A"/>
</associations>
</Column>
<Column name="tipo_usuario" id="427BA8A2-FFE6-D7CB-E2FE-D05FDBD40470">
<createdBy>alexandrarms</createdBy>
<createdTime>2025-09-15 05:40:54 UTC</createdTime>
<generatorID>5520C419-EBBB-E373-BC8B-39E49DA772FF</generatorID>
<ownerDesignName>CENTROMEDICOU</ownerDesignName>
<constraintName>CK_PACIENTE_TIPO_USUARIO</constraintName>
<useDomainConstraints>false</useDomainConstraints>
<use>1</use>
<logicalDatatype>LOGDT024</logicalDatatype>
<dataTypeSize>20 CHAR</dataTypeSize>
<listOfValues>
<valueDef value="&apos;ESTUDIANTE&apos;" description=""/>
<valueDef value="&apos;EXTERNO&apos;" description=""/>
<valueDef value="&apos;FUNCIONARIO&apos;" description=""/>
</listOfValues>
<ownDataTypeParameters>20 CHAR,,</ownDataTypeParameters>
<autoIncrementCycle>false</autoIncrementCycle>
</Column>
<Column name="rut_persona1" id="D2BD5F94-06FC-C053-B084-440C4269CAE2">
<createdBy>alexandrarms</createdBy>
<createdTime>2025-09-15 05:40:54 UTC</createdTime>
<generatorID>1BB8F1EC-9FB9-538E-94E1-1FE01098DA14</generatorID>
<ownerDesignName>CENTROMEDICOU</ownerDesignName>
<useDomainConstraints>false</useDomainConstraints>
<use>1</use>
<logicalDatatype>LOGDT024</logicalDatatype>
<dataTypeSize>20 CHAR</dataTypeSize>
<ownDataTypeParameters>20 CHAR,,</ownDataTypeParameters>
<autoIncrementCycle>false</autoIncrementCycle>
</Column>
<Column name="PERSONA_rut_persona" id="64F048C5-877E-B5D1-6B87-20DB627F6D75">
<createdBy>alexandrarms</createdBy>
<createdTime>2025-09-15 05:40:54 UTC</createdTime>
<generatorID>57FF761A-78E0-5086-2A40-B9358248D4BA</generatorID>
<ownerDesignName>CENTROMEDICOU</ownerDesignName>
<useDomainConstraints>false</useDomainConstraints>
<use>1</use>
<logicalDatatype>LOGDT024</logicalDatatype>
<dataTypeSize>20 CHAR</dataTypeSize>
<ownDataTypeParameters>,,</ownDataTypeParameters>
<previousColumn>false</previousColumn>
<autoIncrementCycle>false</autoIncrementCycle>
<associations>
<colAssociation fkAssociation="63241116-297B-96DC-A68A-1E87C20FED5A" referredColumn="836A4286-BB3A-0F27-8C49-4562EC0E975A"/>
</associations>
</Column>
</columns>
<indexes itemClass="oracle.dbtools.crest.model.design.relational.Index">
<ind_PK_UK id="056AC77F-67C6-30BF-71CA-1C43C943BC63" name="PACIENTE_PK">
<createdBy>alexandrarms</createdBy>
<createdTime>2025-09-15 05:40:54 UTC</createdTime>
<generatorID>5FF20754-EA50-F21F-CAA8-E317399A6CE5</generatorID>
<ownerDesignName>CENTROMEDICOU</ownerDesignName>
<pk>true</pk>
<indexState>Primary Constraint</indexState>
<isSurrogateKey>false</isSurrogateKey>
<indexColumnUsage>
<colUsage columnID="B8E26B2E-1B8F-FF9B-CEEB-CD94D11253D2"/>
</indexColumnUsage>
</ind_PK_UK>
<ind_PK_UK id="BD572B90-9F6F-E098-3B0A-008A98E60774" name="PACIENTE_PKv1">
<createdBy>alexandrarms</createdBy>
<createdTime>2025-09-15 05:40:54 UTC</createdTime>
<generatorID>A463C427-96B2-4FC0-1638-62592E18688D</generatorID>
<ownerDesignName>CENTROMEDICOU</ownerDesignName>
<indexState>Unique Constraint</indexState>
<isSurrogateKey>false</isSurrogateKey>
<indexColumnUsage>
<colUsage columnID="D2BD5F94-06FC-C053-B084-440C4269CAE2"/>
</indexColumnUsage>
</ind_PK_UK>
<ind_PK_UK id="F10EABF4-C63D-3E63-2F86-247F52DEA533" name="PACIENTE__IDX">
<createdBy>alexandrarms</createdBy>
<createdTime>2025-09-15 05:40:55 UTC</createdTime>
<ownerDesignName>CENTROMEDICOU</ownerDesignName>
<indexState>Unique Plain Index</indexState>
<isSurrogateKey>false</isSurrogateKey>
<relationGeneratorID>1677CA4B-41EB-46FB-60AC-80CE88146473</relationGeneratorID>
<indexColumnUsage>
<colUsage columnID="64F048C5-877E-B5D1-6B87-20DB627F6D75"/>
</indexColumnUsage>
</ind_PK_UK>
<ind_PK_UK id="B1A3E570-EE21-F0CF-DC66-94D7006599A5" name="PACIENTE_PERSONA_FK">
<createdBy>alexandrarms</createdBy>
<createdTime>2025-09-15 05:40:54 UTC</createdTime>
<generatorID>51EEAA70-B524-DA1D-AECA-3C75DEE26BB7</generatorID>
<ownerDesignName>CENTROMEDICOU</ownerDesignName>
<indexState>Foreign Key</indexState>
<isSurrogateKey>false</isSurrogateKey>
<indexColumnUsage>
<colUsage columnID="B8E26B2E-1B8F-FF9B-CEEB-CD94D11253D2"/>
</indexColumnUsage>
</ind_PK_UK>
<ind_PK_UK id="5A598CF9-4017-C3BD-36DA-6CF6A0A54CD8" name="PACIENTE_PERSONA_FKv2">
<createdBy>alexandrarms</createdBy>
<createdTime>2025-09-15 05:40:55 UTC</createdTime>
<generatorID>1677CA4B-41EB-46FB-60AC-80CE88146473</generatorID>
<ownerDesignName>CENTROMEDICOU</ownerDesignName>
<indexState>Foreign Key</indexState>
<isSurrogateKey>false</isSurrogateKey>
<indexColumnUsage>
<colUsage columnID="64F048C5-877E-B5D1-6B87-20DB627F6D75"/>
</indexColumnUsage>
</ind_PK_UK>
</indexes>
<tableCheckConstraints itemClass="oracle.dbtools.crest.model.design.constraint.TableLevelConstraint">
<tableCheckConstraint name="CK_PAC_TIPO" directorySegmentName="seg_0" id="F763BC3F-0401-FBD4-9193-9BA895E8A426">
<createdBy>alexandrarms</createdBy>
<createdTime>2025-09-16 00:08:06 UTC</createdTime>
<ownerDesignName>CENTROMEDICOU</ownerDesignName>
<rule><![CDATA[tipo_usuario IN ('ADULTO','INFANTIL')]]></rule>
</tableCheckConstraint>
</tableCheckConstraints>
</Table>