<?xml version = '1.0' encoding = 'UTF-8'?>
<Table class="oracle.dbtools.crest.model.design.relational.Table" directorySegmentName="seg_0" id="AF98C96D-9534-6233-AC6E-C953BDA7E801" name="SOLICITUD_EXAMEN">
<createdBy>alexandrarms</createdBy>
<createdTime>2025-09-15 05:40:54 UTC</createdTime>
<generatorID>A6C5BE20-3E3D-00CF-550A-8A7F1934A835</generatorID>
<ownerDesignName>CENTROMEDICOU</ownerDesignName>
<allowColumnReorder>false</allowColumnReorder>
<existDependencyGenerateInDDl>true</existDependencyGenerateInDDl>
<parsed>true</parsed>
<columns itemClass="oracle.dbtools.crest.model.design.relational.Column">
<Column name="id_solicitud" id="90A1B419-9215-9B91-7571-8BE8F8E6122E">
<createdBy>alexandrarms</createdBy>
<createdTime>2025-09-15 05:40:54 UTC</createdTime>
<generatorID>80C985EF-17FB-EF24-7911-F63B5BB3DF29</generatorID>
<ownerDesignName>CENTROMEDICOU</ownerDesignName>
<useDomainConstraints>false</useDomainConstraints>
<use>1</use>
<logicalDatatype>LOGDT019</logicalDatatype>
<ownDataTypeParameters>,,</ownDataTypeParameters>
<autoIncrementCycle>false</autoIncrementCycle>
</Column>
<Column name="fecha_solicitud" id="56D4FFB8-D7FC-99E6-73E0-99904F3E618F">
<createdBy>alexandrarms</createdBy>
<createdTime>2025-09-15 05:40:54 UTC</createdTime>
<generatorID>D9F8365D-67D2-7C24-E919-0CE86FFA66FA</generatorID>
<ownerDesignName>CENTROMEDICOU</ownerDesignName>
<useDomainConstraints>false</useDomainConstraints>
<use>1</use>
<logicalDatatype>LOGDT007</logicalDatatype>
<ownDataTypeParameters>,,</ownDataTypeParameters>
<autoIncrementCycle>false</autoIncrementCycle>
</Column>
<Column name="estado_solicitud" id="4D486398-C099-B423-DC64-08B195356C9C">
<createdBy>alexandrarms</createdBy>
<createdTime>2025-09-15 05:40:54 UTC</createdTime>
<generatorID>15E3B28C-5AFA-AC20-18EB-2F2B7E47E976</generatorID>
<ownerDesignName>CENTROMEDICOU</ownerDesignName>
<constraintName>CK_SOLICITUD_EXAMEN_ESTADO_SOLICITUD</constraintName>
<useDomainConstraints>false</useDomainConstraints>
<use>1</use>
<logicalDatatype>LOGDT024</logicalDatatype>
<dataTypeSize>20 CHAR</dataTypeSize>
<listOfValues>
<valueDef value="&apos;ANULADO&apos;" description=""/>
<valueDef value="&apos;EN_PROCESO&apos;" description=""/>
<valueDef value="&apos;SOLICITADO&apos;" description=""/>
<valueDef value="&apos;TERMINADO&apos;" description=""/>
</listOfValues>
<ownDataTypeParameters>20 CHAR,,</ownDataTypeParameters>
<autoIncrementCycle>false</autoIncrementCycle>
</Column>
<Column name="EXAMEN_examen_codigo" id="C1A8ADF7-D17C-EF34-9511-A08DB9C106F7">
<createdBy>alexandrarms</createdBy>
<createdTime>2025-09-15 05:40:54 UTC</createdTime>
<generatorID>E17955F1-9EEF-E494-A0F1-FD8A6A4BE328</generatorID>
<ownerDesignName>CENTROMEDICOU</ownerDesignName>
<useDomainConstraints>false</useDomainConstraints>
<use>1</use>
<logicalDatatype>LOGDT024</logicalDatatype>
<dataTypeSize>30 CHAR</dataTypeSize>
<ownDataTypeParameters>,,</ownDataTypeParameters>
<previousColumn>false</previousColumn>
<autoIncrementCycle>false</autoIncrementCycle>
<associations>
<colAssociation fkAssociation="78C9FABE-1B7D-AE04-8C4A-36AB6E077F07" referredColumn="B4E0CBC4-BE59-70EE-3BCF-96A0BE690BD4"/>
</associations>
</Column>
<Column name="FICHA_ATENCION_id_atencion" id="CA45E83B-5ED5-9494-21C5-D9922DD69A98">
<createdBy>alexandrarms</createdBy>
<createdTime>2025-09-15 05:40:54 UTC</createdTime>
<generatorID>484C71E3-98A8-FC20-429D-9A2A17F38371</generatorID>
<ownerDesignName>CENTROMEDICOU</ownerDesignName>
<useDomainConstraints>false</useDomainConstraints>
<use>1</use>
<logicalDatatype>LOGDT019</logicalDatatype>
<ownDataTypeParameters>,,</ownDataTypeParameters>
<previousColumn>false</previousColumn>
<autoIncrementCycle>false</autoIncrementCycle>
<associations>
<colAssociation fkAssociation="F417AC13-920D-5AE7-463F-09BDDB08141E" referredColumn="951C89C4-C6DC-9E1B-0DC2-8D72FC9E7268"/>
</associations>
</Column>
<Column name="MEDICO_rut_persona" id="262B0176-D03E-21F4-8B73-023C715F8FD4">
<createdBy>alexandrarms</createdBy>
<createdTime>2025-09-15 05:40:54 UTC</createdTime>
<generatorID>098E853B-83A8-56D7-0F71-96EFC7457144</generatorID>
<ownerDesignName>CENTROMEDICOU</ownerDesignName>
<useDomainConstraints>false</useDomainConstraints>
<use>1</use>
<logicalDatatype>LOGDT024</logicalDatatype>
<dataTypeSize>20 CHAR</dataTypeSize>
<ownDataTypeParameters>,,</ownDataTypeParameters>
<previousColumn>false</previousColumn>
<autoIncrementCycle>false</autoIncrementCycle>
<associations>
<colAssociation fkAssociation="04BD20D3-BE7D-DAA2-34CC-24687CC06B55" referredColumn="9907ADE5-C7D0-546C-9076-3ECB34D2CB0B"/>
</associations>
</Column>
</columns>
<indexes itemClass="oracle.dbtools.crest.model.design.relational.Index">
<ind_PK_UK id="5B2D8BDD-4860-CE84-655F-6F0FF0C20CA1" name="SOLICITUD_EXAMEN_PK">
<createdBy>alexandrarms</createdBy>
<createdTime>2025-09-15 05:40:54 UTC</createdTime>
<generatorID>436C50CB-DEBA-D78E-4629-32E88AED0154</generatorID>
<ownerDesignName>CENTROMEDICOU</ownerDesignName>
<pk>true</pk>
<indexState>Primary Constraint</indexState>
<isSurrogateKey>false</isSurrogateKey>
<indexColumnUsage>
<colUsage columnID="90A1B419-9215-9B91-7571-8BE8F8E6122E"/>
</indexColumnUsage>
</ind_PK_UK>
<ind_PK_UK id="DAD11BA7-88B9-20E8-40A9-15455D2CC7C2" name="SOLICITUD_EXAMEN_EXAMEN_FK">
<createdBy>alexandrarms</createdBy>
<createdTime>2025-09-15 05:40:55 UTC</createdTime>
<generatorID>25A6550F-D135-B0DE-BF62-024DE2E54124</generatorID>
<ownerDesignName>CENTROMEDICOU</ownerDesignName>
<indexState>Foreign Key</indexState>
<isSurrogateKey>false</isSurrogateKey>
<indexColumnUsage>
<colUsage columnID="C1A8ADF7-D17C-EF34-9511-A08DB9C106F7"/>
</indexColumnUsage>
</ind_PK_UK>
<ind_PK_UK id="28DC11F6-B489-0D43-3C19-828524E60BE4" name="SOLICITUD_EXAMEN_FICHA_FK">
<createdBy>alexandrarms</createdBy>
<createdTime>2025-09-15 05:40:55 UTC</createdTime>
<generatorID>D498B992-5114-0574-690A-6351A03A948C</generatorID>
<ownerDesignName>CENTROMEDICOU</ownerDesignName>
<indexState>Foreign Key</indexState>
<isSurrogateKey>false</isSurrogateKey>
<indexColumnUsage>
<colUsage columnID="CA45E83B-5ED5-9494-21C5-D9922DD69A98"/>
</indexColumnUsage>
</ind_PK_UK>
<ind_PK_UK id="A63E2717-40D9-1C2B-AED6-AAD4434EBD21" name="SOLICITUD_EXAMEN_MEDICO_FK">
<createdBy>alexandrarms</createdBy>
<createdTime>2025-09-15 05:40:55 UTC</createdTime>
<generatorID>9B3C3AEE-B179-0DC9-3F81-20D17C1997BC</generatorID>
<ownerDesignName>CENTROMEDICOU</ownerDesignName>
<indexState>Foreign Key</indexState>
<isSurrogateKey>false</isSurrogateKey>
<indexColumnUsage>
<colUsage columnID="262B0176-D03E-21F4-8B73-023C715F8FD4"/>
</indexColumnUsage>
</ind_PK_UK>
</indexes>
<tableCheckConstraints itemClass="oracle.dbtools.crest.model.design.constraint.TableLevelConstraint">
<tableCheckConstraint name="CK_SOL_ESTADO" directorySegmentName="seg_0" id="2FC81A75-6AB1-22BC-4D3E-EB7645AC4DDF">
<createdBy>alexandrarms</createdBy>
<createdTime>2025-09-16 00:06:13 UTC</createdTime>
<ownerDesignName>CENTROMEDICOU</ownerDesignName>
<rule><![CDATA[estado_solicitud IN ('ANULADO','EN_PROCESO','SOLICITADO','TERMINADO')]]></rule>
</tableCheckConstraint>
</tableCheckConstraints>
</Table>