<?xml version = '1.0' encoding = 'UTF-8'?>
<Table class="oracle.dbtools.crest.model.design.relational.Table" directorySegmentName="seg_0" id="B07E0C5C-C83B-F8D9-4D4C-AAE16F3F938B" name="COMUNA">
<createdBy>alexandrarms</createdBy>
<createdTime>2025-09-15 05:40:54 UTC</createdTime>
<generatorID>5624162E-2E20-752D-E346-C6968C17522D</generatorID>
<ownerDesignName>CENTROMEDICOU</ownerDesignName>
<allowColumnReorder>false</allowColumnReorder>
<existDependencyGenerateInDDl>true</existDependencyGenerateInDDl>
<parsed>true</parsed>
<columns itemClass="oracle.dbtools.crest.model.design.relational.Column">
<Column name="id_comuna" id="0C774C44-4812-D2DB-3B5D-CD23FDE4DE0D">
<createdBy>alexandrarms</createdBy>
<createdTime>2025-09-15 05:40:54 UTC</createdTime>
<generatorID>5C01F634-2679-8D49-8543-4560F2ED5F6A</generatorID>
<ownerDesignName>CENTROMEDICOU</ownerDesignName>
<useDomainConstraints>false</useDomainConstraints>
<use>1</use>
<logicalDatatype>LOGDT019</logicalDatatype>
<ownDataTypeParameters>,,</ownDataTypeParameters>
<autoIncrementCycle>false</autoIncrementCycle>
</Column>
<Column name="nombre_comuna" id="E3534932-A3F0-B9E3-71A4-74640B16ECC5">
<createdBy>alexandrarms</createdBy>
<createdTime>2025-09-15 05:40:54 UTC</createdTime>
<generatorID>E80E8FB9-3DE2-86D7-25A5-62CB02F65423</generatorID>
<ownerDesignName>CENTROMEDICOU</ownerDesignName>
<useDomainConstraints>false</useDomainConstraints>
<use>1</use>
<logicalDatatype>LOGDT024</logicalDatatype>
<dataTypeSize>100 CHAR</dataTypeSize>
<ownDataTypeParameters>100 CHAR,,</ownDataTypeParameters>
<autoIncrementCycle>false</autoIncrementCycle>
</Column>
<Column name="REGION_id_region" id="D328A970-C697-087B-2AEE-6EA52AC433F1">
<createdBy>alexandrarms</createdBy>
<createdTime>2025-09-15 05:40:54 UTC</createdTime>
<generatorID>388B382A-8D25-F5A8-2C25-58158A7439A0</generatorID>
<ownerDesignName>CENTROMEDICOU</ownerDesignName>
<useDomainConstraints>false</useDomainConstraints>
<use>1</use>
<logicalDatatype>LOGDT019</logicalDatatype>
<ownDataTypeParameters>,,</ownDataTypeParameters>
<previousColumn>false</previousColumn>
<autoIncrementCycle>false</autoIncrementCycle>
<associations>
<colAssociation fkAssociation="93D6DCF2-6DE1-366C-53C7-5999BF97947A" referredColumn="CE86E69C-4263-06AE-7F62-4B1DAFD1EDF0"/>
</associations>
</Column>
</columns>
<indexes itemClass="oracle.dbtools.crest.model.design.relational.Index">
<ind_PK_UK id="44CFA06E-0123-155F-70A7-AB20320E279F" name="COMUNA_PK">
<createdBy>alexandrarms</createdBy>
<createdTime>2025-09-15 05:40:54 UTC</createdTime>
<generatorID>724AF408-35AC-C946-2D1D-1F7A1CF3C27D</generatorID>
<ownerDesignName>CENTROMEDICOU</ownerDesignName>
<pk>true</pk>
<indexState>Primary Constraint</indexState>
<isSurrogateKey>false</isSurrogateKey>
<indexColumnUsage>
<colUsage columnID="0C774C44-4812-D2DB-3B5D-CD23FDE4DE0D"/>
</indexColumnUsage>
</ind_PK_UK>
<ind_PK_UK id="37B9D2D6-9603-0AAB-ECF7-CD7860FB20D7" name="COMUNA_nombre_comuna_UN">
<createdBy>alexandrarms</createdBy>
<createdTime>2025-09-15 05:40:54 UTC</createdTime>
<generatorID>3C238A54-5C62-C582-13FF-4DFDC0F51D49</generatorID>
<ownerDesignName>CENTROMEDICOU</ownerDesignName>
<indexState>Unique Constraint</indexState>
<isSurrogateKey>false</isSurrogateKey>
<indexColumnUsage>
<colUsage columnID="E3534932-A3F0-B9E3-71A4-74640B16ECC5"/>
</indexColumnUsage>
</ind_PK_UK>
<ind_PK_UK id="BCE1C332-C756-30B5-7551-82282BB511B4" name="COMUNA_REGION_FK">
<createdBy>alexandrarms</createdBy>
<createdTime>2025-09-15 05:40:54 UTC</createdTime>
<generatorID>E1B18A50-346B-80B5-5586-F98C6F696F5D</generatorID>
<ownerDesignName>CENTROMEDICOU</ownerDesignName>
<indexState>Foreign Key</indexState>
<isSurrogateKey>false</isSurrogateKey>
<indexColumnUsage>
<colUsage columnID="D328A970-C697-087B-2AEE-6EA52AC433F1"/>
</indexColumnUsage>
</ind_PK_UK>
</indexes>
</Table>