<?xml version = '1.0' encoding = 'UTF-8'?>
<Table class="oracle.dbtools.crest.model.design.relational.Table" directorySegmentName="seg_0" id="C1DAFCF9-E201-3E98-1B21-912A1C3A266D" name="PERSONA">
<createdBy>alexandrarms</createdBy>
<createdTime>2025-09-15 05:40:54 UTC</createdTime>
<generatorID>B7D4E72A-46C4-EB17-16F5-4028EE3296A5</generatorID>
<ownerDesignName>CENTROMEDICOU</ownerDesignName>
<allowColumnReorder>false</allowColumnReorder>
<existDependencyGenerateInDDl>true</existDependencyGenerateInDDl>
<parsed>true</parsed>
<columns itemClass="oracle.dbtools.crest.model.design.relational.Column">
<Column name="rut_persona" id="836A4286-BB3A-0F27-8C49-4562EC0E975A">
<createdBy>alexandrarms</createdBy>
<createdTime>2025-09-15 05:40:54 UTC</createdTime>
<generatorID>508C207C-8841-9EB2-5EBC-BC20CEFDD983</generatorID>
<ownerDesignName>CENTROMEDICOU</ownerDesignName>
<useDomainConstraints>false</useDomainConstraints>
<use>1</use>
<logicalDatatype>LOGDT024</logicalDatatype>
<dataTypeSize>20 CHAR</dataTypeSize>
<ownDataTypeParameters>20 CHAR,,</ownDataTypeParameters>
<autoIncrementCycle>false</autoIncrementCycle>
</Column>
<Column name="nombre_completo" id="E076D753-97C0-5700-A747-63501324BA59">
<createdBy>alexandrarms</createdBy>
<createdTime>2025-09-15 05:40:54 UTC</createdTime>
<generatorID>ACA0D6E4-B631-7306-085F-5ED2DD399842</generatorID>
<ownerDesignName>CENTROMEDICOU</ownerDesignName>
<useDomainConstraints>false</useDomainConstraints>
<use>1</use>
<logicalDatatype>LOGDT024</logicalDatatype>
<dataTypeSize>250 CHAR</dataTypeSize>
<ownDataTypeParameters>250 CHAR,,</ownDataTypeParameters>
<autoIncrementCycle>false</autoIncrementCycle>
</Column>
<Column name="fecha_nacimiento" id="7E7C687C-C9FE-33B4-B3EC-B25934503C65">
<createdBy>alexandrarms</createdBy>
<createdTime>2025-09-15 05:40:54 UTC</createdTime>
<generatorID>3434BC8F-31A8-F5D7-D7CB-5C13E21A7409</generatorID>
<ownerDesignName>CENTROMEDICOU</ownerDesignName>
<useDomainConstraints>false</useDomainConstraints>
<use>1</use>
<logicalDatatype>LOGDT007</logicalDatatype>
<ownDataTypeParameters>,,</ownDataTypeParameters>
<autoIncrementCycle>false</autoIncrementCycle>
</Column>
<Column name="sexo" id="D8D29DB1-C7D6-0369-E53A-23026F1ACC3F">
<createdBy>alexandrarms</createdBy>
<createdTime>2025-09-15 05:40:54 UTC</createdTime>
<generatorID>E9BF708C-8119-AAF7-7E18-F4BB5F8CF90C</generatorID>
<ownerDesignName>CENTROMEDICOU</ownerDesignName>
<constraintName>CK_PERSONA_SEXO</constraintName>
<useDomainConstraints>false</useDomainConstraints>
<use>1</use>
<logicalDatatype>LOGDT025</logicalDatatype>
<dataTypeSize>1 CHAR</dataTypeSize>
<listOfValues>
<valueDef value="&apos;F&apos;" description=""/>
<valueDef value="&apos;M&apos;" description=""/>
<valueDef value="&apos;O&apos;" description=""/>
</listOfValues>
<ownDataTypeParameters>1 CHAR,,</ownDataTypeParameters>
<autoIncrementCycle>false</autoIncrementCycle>
</Column>
<Column name="direccion" id="C27FB346-7AFA-8D62-4CB0-4F99388854EC">
<createdBy>alexandrarms</createdBy>
<createdTime>2025-09-15 05:40:54 UTC</createdTime>
<generatorID>0E296EC1-A8E4-F757-A6C6-B8AF6E824FAF</generatorID>
<ownerDesignName>CENTROMEDICOU</ownerDesignName>
<useDomainConstraints>false</useDomainConstraints>
<use>1</use>
<logicalDatatype>LOGDT024</logicalDatatype>
<dataTypeSize>250 CHAR</dataTypeSize>
<ownDataTypeParameters>250 CHAR,,</ownDataTypeParameters>
<autoIncrementCycle>false</autoIncrementCycle>
</Column>
<Column name="contacto_telefono" id="6F1EB7AC-D33D-FC7E-B474-983DF3F1B131">
<createdBy>alexandrarms</createdBy>
<createdTime>2025-09-15 05:40:54 UTC</createdTime>
<generatorID>D1B58EEF-D1A3-97B1-5380-53420F9DB5A2</generatorID>
<ownerDesignName>CENTROMEDICOU</ownerDesignName>
<nullsAllowed>true</nullsAllowed>
<useDomainConstraints>false</useDomainConstraints>
<use>1</use>
<logicalDatatype>LOGDT024</logicalDatatype>
<dataTypeSize>50 CHAR</dataTypeSize>
<ownDataTypeParameters>50 CHAR,,</ownDataTypeParameters>
<autoIncrementCycle>false</autoIncrementCycle>
</Column>
<Column name="contacto_email" id="56D2016F-3013-FF7D-0C2F-F6CE7F06F217">
<createdBy>alexandrarms</createdBy>
<createdTime>2025-09-15 05:40:54 UTC</createdTime>
<generatorID>64B2E0BC-5D3C-61A6-3100-2AC5E04DC396</generatorID>
<ownerDesignName>CENTROMEDICOU</ownerDesignName>
<nullsAllowed>true</nullsAllowed>
<useDomainConstraints>false</useDomainConstraints>
<use>1</use>
<logicalDatatype>LOGDT024</logicalDatatype>
<dataTypeSize>200 CHAR</dataTypeSize>
<ownDataTypeParameters>200 CHAR,,</ownDataTypeParameters>
<autoIncrementCycle>false</autoIncrementCycle>
</Column>
<Column name="COMUNA_id_comuna" id="7FD84EB7-21D4-F974-0FEF-EB63F3306BE2">
<createdBy>alexandrarms</createdBy>
<createdTime>2025-09-15 05:40:54 UTC</createdTime>
<generatorID>9084A5BB-B80B-6BD5-5778-1CA20647725C</generatorID>
<ownerDesignName>CENTROMEDICOU</ownerDesignName>
<useDomainConstraints>false</useDomainConstraints>
<use>1</use>
<logicalDatatype>LOGDT019</logicalDatatype>
<ownDataTypeParameters>,,</ownDataTypeParameters>
<previousColumn>false</previousColumn>
<autoIncrementCycle>false</autoIncrementCycle>
<associations>
<colAssociation fkAssociation="8A1EEF1E-3ED2-7884-1EA8-8EF2442CCCFB" referredColumn="0C774C44-4812-D2DB-3B5D-CD23FDE4DE0D"/>
</associations>
</Column>
</columns>
<indexes itemClass="oracle.dbtools.crest.model.design.relational.Index">
<ind_PK_UK id="BC31A078-79DE-9789-0442-233EAC46E108" name="PERSONA_PK">
<createdBy>alexandrarms</createdBy>
<createdTime>2025-09-15 05:40:54 UTC</createdTime>
<generatorID>5FF20754-EA50-F21F-CAA8-E317399A6CE5</generatorID>
<ownerDesignName>CENTROMEDICOU</ownerDesignName>
<pk>true</pk>
<indexState>Primary Constraint</indexState>
<isSurrogateKey>false</isSurrogateKey>
<indexColumnUsage>
<colUsage columnID="836A4286-BB3A-0F27-8C49-4562EC0E975A"/>
</indexColumnUsage>
</ind_PK_UK>
<ind_PK_UK id="A6F3625D-EDD4-755F-B125-B77534B5D6EA" name="PERSONA_COMUNA_FK">
<createdBy>alexandrarms</createdBy>
<createdTime>2025-09-15 05:40:54 UTC</createdTime>
<generatorID>664DF926-FC83-7DE9-2DD1-810BC3F51CA6</generatorID>
<ownerDesignName>CENTROMEDICOU</ownerDesignName>
<indexState>Foreign Key</indexState>
<isSurrogateKey>false</isSurrogateKey>
<indexColumnUsage>
<colUsage columnID="7FD84EB7-21D4-F974-0FEF-EB63F3306BE2"/>
</indexColumnUsage>
</ind_PK_UK>
</indexes>
</Table>