<?xml version = '1.0' encoding = 'UTF-8'?>
<Table class="oracle.dbtools.crest.model.design.relational.Table" directorySegmentName="seg_0" id="DD8F8E29-2146-5B3B-12D0-5C41EC0D3351" name="FICHA_ATENCION">
<createdBy>alexandrarms</createdBy>
<createdTime>2025-09-15 05:40:54 UTC</createdTime>
<generatorID>ED4CB88B-B06D-5AA3-5E06-7B1453AA6532</generatorID>
<ownerDesignName>CENTROMEDICOU</ownerDesignName>
<allowColumnReorder>false</allowColumnReorder>
<existDependencyGenerateInDDl>true</existDependencyGenerateInDDl>
<parsed>true</parsed>
<columns itemClass="oracle.dbtools.crest.model.design.relational.Column">
<Column name="id_atencion" id="951C89C4-C6DC-9E1B-0DC2-8D72FC9E7268">
<createdBy>alexandrarms</createdBy>
<createdTime>2025-09-15 05:40:54 UTC</createdTime>
<generatorID>14A65BF1-3156-295F-9FFA-43C4588701F8</generatorID>
<ownerDesignName>CENTROMEDICOU</ownerDesignName>
<useDomainConstraints>false</useDomainConstraints>
<use>1</use>
<logicalDatatype>LOGDT019</logicalDatatype>
<ownDataTypeParameters>,,</ownDataTypeParameters>
<autoIncrementCycle>false</autoIncrementCycle>
</Column>
<Column name="fecha_hora" id="78866E5A-01A3-7A69-77F7-703549C3D5C4">
<createdBy>alexandrarms</createdBy>
<createdTime>2025-09-15 05:40:54 UTC</createdTime>
<generatorID>B3567508-84FE-432C-200E-05C7E25B7B4E</generatorID>
<ownerDesignName>CENTROMEDICOU</ownerDesignName>
<useDomainConstraints>false</useDomainConstraints>
<use>1</use>
<logicalDatatype>LOGDT015</logicalDatatype>
<ownDataTypeParameters>,,</ownDataTypeParameters>
<autoIncrementCycle>false</autoIncrementCycle>
</Column>
<Column name="tipo_atencion" id="CB290D7E-EF91-A45E-35F1-3B47A02931F6">
<createdBy>alexandrarms</createdBy>
<createdTime>2025-09-15 05:40:54 UTC</createdTime>
<generatorID>0BF8C124-3D68-2588-5AB7-E3B2A0BC1E44</generatorID>
<ownerDesignName>CENTROMEDICOU</ownerDesignName>
<constraintName>CK_FICHA_ATENCIÓN_TIPO_ATENCIÓN</constraintName>
<useDomainConstraints>false</useDomainConstraints>
<use>1</use>
<logicalDatatype>LOGDT024</logicalDatatype>
<dataTypeSize>20 CHAR</dataTypeSize>
<listOfValues>
<valueDef value="&apos;GENERAL&apos;" description=""/>
<valueDef value="&apos;PREVENTIVA&apos;" description=""/>
<valueDef value="&apos;URGENCIA&apos;" description=""/>
</listOfValues>
<ownDataTypeParameters>20 CHAR,,</ownDataTypeParameters>
<autoIncrementCycle>false</autoIncrementCycle>
</Column>
<Column name="diagnostico" id="1001F6F7-FD56-6718-7B4E-E96C24B6EF4A">
<createdBy>alexandrarms</createdBy>
<createdTime>2025-09-15 05:40:54 UTC</createdTime>
<generatorID>9BF1F344-0894-D616-C2E6-AEC46A594ACA</generatorID>
<ownerDesignName>CENTROMEDICOU</ownerDesignName>
<nullsAllowed>true</nullsAllowed>
<useDomainConstraints>false</useDomainConstraints>
<use>1</use>
<logicalDatatype>LOGDT028</logicalDatatype>
<ownDataTypeParameters>,,</ownDataTypeParameters>
<autoIncrementCycle>false</autoIncrementCycle>
</Column>
<Column name="observaciones" id="CEF66591-256B-2299-8D78-03327F444B22">
<createdBy>alexandrarms</createdBy>
<createdTime>2025-09-15 05:40:54 UTC</createdTime>
<generatorID>70DC3A48-B9D6-B3DF-FCD9-8722769ACFE4</generatorID>
<ownerDesignName>CENTROMEDICOU</ownerDesignName>
<nullsAllowed>true</nullsAllowed>
<useDomainConstraints>false</useDomainConstraints>
<use>1</use>
<logicalDatatype>LOGDT028</logicalDatatype>
<ownDataTypeParameters>,,</ownDataTypeParameters>
<autoIncrementCycle>false</autoIncrementCycle>
</Column>
<Column name="PACIENTE_rut_persona2" id="FA421E39-AB69-F9E0-2EBE-A52D87D8A811">
<createdBy>alexandrarms</createdBy>
<createdTime>2025-09-15 05:40:54 UTC</createdTime>
<generatorID>ED15145C-D1D8-0485-D15F-FB39A8EE195A</generatorID>
<ownerDesignName>CENTROMEDICOU</ownerDesignName>
<useDomainConstraints>false</useDomainConstraints>
<use>1</use>
<logicalDatatype>LOGDT024</logicalDatatype>
<dataTypeSize>20 CHAR</dataTypeSize>
<ownDataTypeParameters>,,</ownDataTypeParameters>
<previousColumn>false</previousColumn>
<autoIncrementCycle>false</autoIncrementCycle>
<associations>
<colAssociation fkAssociation="8274258A-4D51-9D6C-4963-2D0A7430F8BE" referredColumn="D2BD5F94-06FC-C053-B084-440C4269CAE2"/>
</associations>
</Column>
<Column name="MEDICO_rut_persona" id="5B6257A2-695B-C560-58A9-B9596AB83760">
<createdBy>alexandrarms</createdBy>
<createdTime>2025-09-15 05:40:54 UTC</createdTime>
<generatorID>1A16ADE0-B408-E48E-523B-83277358496C</generatorID>
<ownerDesignName>CENTROMEDICOU</ownerDesignName>
<useDomainConstraints>false</useDomainConstraints>
<use>1</use>
<logicalDatatype>LOGDT024</logicalDatatype>
<dataTypeSize>20 CHAR</dataTypeSize>
<ownDataTypeParameters>,,</ownDataTypeParameters>
<previousColumn>false</previousColumn>
<autoIncrementCycle>false</autoIncrementCycle>
<associations>
<colAssociation fkAssociation="1278552E-E761-501E-59A4-8BB5EA2225A6" referredColumn="9907ADE5-C7D0-546C-9076-3ECB34D2CB0B"/>
</associations>
</Column>
<Column name="PAGO_id_pago" id="AD0B49F5-2486-0223-5C2F-8FF1B223D785">
<createdBy>alexandrarms</createdBy>
<createdTime>2025-09-15 05:40:54 UTC</createdTime>
<generatorID>B86B265C-A5ED-3FAC-5EE8-7B56541D8A4C</generatorID>
<ownerDesignName>CENTROMEDICOU</ownerDesignName>
<useDomainConstraints>false</useDomainConstraints>
<use>1</use>
<logicalDatatype>LOGDT019</logicalDatatype>
<ownDataTypeParameters>,,</ownDataTypeParameters>
<previousColumn>false</previousColumn>
<autoIncrementCycle>false</autoIncrementCycle>
<associations>
<colAssociation fkAssociation="C0DB1001-8138-5E41-BD11-22BF30747CB8" referredColumn="E698AFFB-F440-F26D-B312-C1644FE86A70"/>
</associations>
</Column>
</columns>
<indexes itemClass="oracle.dbtools.crest.model.design.relational.Index">
<ind_PK_UK id="88029914-DDC1-27D4-4EAA-1B35350D15BD" name="FICHA_PK">
<createdBy>alexandrarms</createdBy>
<createdTime>2025-09-15 05:40:54 UTC</createdTime>
<generatorID>C42AA718-ACD9-4084-40F0-AD448E8FC0B6</generatorID>
<ownerDesignName>CENTROMEDICOU</ownerDesignName>
<pk>true</pk>
<indexState>Primary Constraint</indexState>
<isSurrogateKey>false</isSurrogateKey>
<indexColumnUsage>
<colUsage columnID="951C89C4-C6DC-9E1B-0DC2-8D72FC9E7268"/>
</indexColumnUsage>
</ind_PK_UK>
<ind_PK_UK id="0FBBAD74-5D12-3B93-7142-C744FAB11A0B" name="FICHA_id_atencion_UN">
<createdBy>alexandrarms</createdBy>
<createdTime>2025-09-15 05:40:54 UTC</createdTime>
<generatorID>4E18F07A-CFCA-A74E-235B-5589B6DBEBF6</generatorID>
<ownerDesignName>CENTROMEDICOU</ownerDesignName>
<indexState>Unique Constraint</indexState>
<isSurrogateKey>false</isSurrogateKey>
<indexColumnUsage>
<colUsage columnID="951C89C4-C6DC-9E1B-0DC2-8D72FC9E7268"/>
</indexColumnUsage>
</ind_PK_UK>
<ind_PK_UK id="EB2B6B77-1B98-9951-3FFD-1B94DDC82372" name="FICHA_ATENCIÓN__IDX">
<createdBy>alexandrarms</createdBy>
<createdTime>2025-09-15 05:40:55 UTC</createdTime>
<ownerDesignName>CENTROMEDICOU</ownerDesignName>
<indexState>Unique Plain Index</indexState>
<isSurrogateKey>false</isSurrogateKey>
<relationGeneratorID>89DBBB0D-0FE7-82C0-EBA2-DB1F5111140F</relationGeneratorID>
<indexColumnUsage>
<colUsage columnID="AD0B49F5-2486-0223-5C2F-8FF1B223D785"/>
</indexColumnUsage>
</ind_PK_UK>
<ind_PK_UK id="D0658D4E-8CAF-D06B-B85A-A1E5E9F4EA53" name="FICHA_ATENCION_PACIENTE_FK">
<createdBy>alexandrarms</createdBy>
<createdTime>2025-09-15 05:40:55 UTC</createdTime>
<generatorID>F6FBAAB2-4DDD-1F97-B17C-BAB2A1A1AEC2</generatorID>
<ownerDesignName>CENTROMEDICOU</ownerDesignName>
<indexState>Foreign Key</indexState>
<isSurrogateKey>false</isSurrogateKey>
<indexColumnUsage>
<colUsage columnID="FA421E39-AB69-F9E0-2EBE-A52D87D8A811"/>
</indexColumnUsage>
</ind_PK_UK>
<ind_PK_UK id="FC3729D6-AF05-8E36-D0DC-086A3928D441" name="FICHA_ATENCION_MEDICO_FK">
<createdBy>alexandrarms</createdBy>
<createdTime>2025-09-15 05:40:55 UTC</createdTime>
<generatorID>33758114-0F9A-D847-15CF-FC9309D18149</generatorID>
<ownerDesignName>CENTROMEDICOU</ownerDesignName>
<indexState>Foreign Key</indexState>
<isSurrogateKey>false</isSurrogateKey>
<indexColumnUsage>
<colUsage columnID="5B6257A2-695B-C560-58A9-B9596AB83760"/>
</indexColumnUsage>
</ind_PK_UK>
<ind_PK_UK id="98426F67-319E-7BD3-20CA-B4CD023673E7" name="FICHA_ATENCION_PAGO_FK">
<createdBy>alexandrarms</createdBy>
<createdTime>2025-09-16 00:30:06 UTC</createdTime>
<generatorID>89DBBB0D-0FE7-82C0-EBA2-DB1F5111140F</generatorID>
<ownerDesignName>CENTROMEDICOU</ownerDesignName>
<indexState>Foreign Key</indexState>
<isSurrogateKey>false</isSurrogateKey>
<indexColumnUsage>
<colUsage columnID="AD0B49F5-2486-0223-5C2F-8FF1B223D785"/>
</indexColumnUsage>
</ind_PK_UK>
</indexes>
<tableCheckConstraints itemClass="oracle.dbtools.crest.model.design.constraint.TableLevelConstraint">
<tableCheckConstraint name="CK_FICHA_TIPO" directorySegmentName="seg_0" id="03F1AADC-2F58-7413-6D3A-3A6471A9C623">
<createdBy>alexandrarms</createdBy>
<createdTime>2025-09-16 00:03:18 UTC</createdTime>
<ownerDesignName>CENTROMEDICOU</ownerDesignName>
<rule><![CDATA[tipo_atencion IN ('GENERAL','PREVENTIVA','URGENCIA')]]></rule>
</tableCheckConstraint>
</tableCheckConstraints>
</Table>