<?xml version = '1.0' encoding = 'UTF-8'?>
<Diagram class="oracle.dbtools.crest.swingui.logical.DPVLogical" name="Logical" id="7E5698B4-B643-58BE-1C72-0759661811FA">
<createdBy>alexandrarms</createdBy>
<modifiedBy>alexandrarms</modifiedBy>
<createdTime>2025-09-13 18:32:50 UTC</createdTime>
<autoRoute>false</autoRoute>
<boxInbox>false</boxInbox>
<showLegend>false</showLegend>
<showLabels>false</showLabels>
<showRelAttributes>false</showRelAttributes>
<gridEnabled>false</gridEnabled>
<showGrid>false</showGrid>
<diagramColor>-1</diagramColor>
<display>false</display>
<notation>1</notation>
<objectViews>
<OView class="oracle.dbtools.crest.swingui.logical.TVEntity" oid="1B45C09A-DDA9-5801-417A-B235DCC64468" otype="Entity" vid="35A14C3E-B0BD-EB1F-C906-A233D368BF8C">
<hideElementsInCurrentOnly>false</hideElementsInCurrentOnly>
<bounds x="6" y="58" width="199" height="135"/>
</OView>
<OView class="oracle.dbtools.crest.swingui.logical.TVEntity" oid="4CF0263C-A2DF-FBA5-4AEF-A2A7EFBB8B45" otype="Entity" vid="138B623A-DB7F-879C-B953-BAAA4CA23F68">
<hideElementsInCurrentOnly>false</hideElementsInCurrentOnly>
<bounds x="891" y="500" width="350" height="109"/>
</OView>
<OView class="oracle.dbtools.crest.swingui.logical.TVEntity" oid="5624162E-2E20-752D-E346-C6968C17522D" otype="Entity" vid="5F0DC237-9290-1F33-2C76-26BE6DF40CF1">
<hideElementsInCurrentOnly>false</hideElementsInCurrentOnly>
<bounds x="857" y="10" width="278" height="100"/>
</OView>
<OView class="oracle.dbtools.crest.swingui.logical.TVEntity" oid="6378DD58-9430-588E-F0A2-73D43C7596B9" otype="Entity" vid="0D5E32EF-2003-3441-CF9D-8AC92ADBF2C5">
<hideElementsInCurrentOnly>false</hideElementsInCurrentOnly>
<bounds x="932" y="284" width="260" height="101"/>
</OView>
<OView class="oracle.dbtools.crest.swingui.logical.TVEntity" oid="674DC3DA-FE6C-DF06-0D81-3ACD4A5B1D14" otype="Entity" vid="DFBC133C-9D46-3618-B70F-43742460AA0B">
<hideElementsInCurrentOnly>false</hideElementsInCurrentOnly>
<bounds x="489" y="252" width="310" height="280"/>
</OView>
<OView class="oracle.dbtools.crest.swingui.logical.TVEntity" oid="6ECBD603-9D8C-233A-FC75-44CBC57D7189" otype="Entity" vid="AB356ADD-F859-37C8-56E8-7184CD503351">
<hideElementsInCurrentOnly>false</hideElementsInCurrentOnly>
<bounds x="965" y="171" width="194" height="99"/>
</OView>
<OView class="oracle.dbtools.crest.swingui.logical.TVEntity" oid="96B99962-C4F5-63AE-9F6D-26460AB96E70" otype="Entity" vid="B346BB61-8DD3-0B68-510C-96A32B0B2599">
<hideElementsInCurrentOnly>false</hideElementsInCurrentOnly>
<bounds x="38" y="573" width="216" height="157"/>
</OView>
<OView class="oracle.dbtools.crest.swingui.logical.TVEntity" oid="9C20DE13-7732-1D39-C4DB-4DAA5C22E156" otype="Entity" vid="638AB829-F28C-9A52-62D6-8794F279FF30">
<hideElementsInCurrentOnly>false</hideElementsInCurrentOnly>
<bounds x="1197" y="12" width="255" height="84"/>
</OView>
<OView class="oracle.dbtools.crest.swingui.logical.TVEntity" oid="A6C5BE20-3E3D-00CF-550A-8A7F1934A835" otype="Entity" vid="641189BE-8200-8688-B521-12D4F4CB8F51">
<hideElementsInCurrentOnly>false</hideElementsInCurrentOnly>
<bounds x="385" y="604" width="337" height="124"/>
</OView>
<OView class="oracle.dbtools.crest.swingui.logical.TVEntity" oid="B09F8CF6-CE53-A3A0-3BCC-69E9E6847E7F" otype="Entity" vid="352B15EC-8E7B-581E-A5F5-8041BE6698BF">
<hideElementsInCurrentOnly>false</hideElementsInCurrentOnly>
<bounds x="228" y="43" width="202" height="90"/>
</OView>
<OView class="oracle.dbtools.crest.swingui.logical.TVEntity" oid="B7D4E72A-46C4-EB17-16F5-4028EE3296A5" otype="Entity" vid="66404052-8699-C4FC-7B50-E33FD151BA53">
<hideElementsInCurrentOnly>false</hideElementsInCurrentOnly>
<bounds x="523" y="19" width="221" height="160"/>
</OView>
<OView class="oracle.dbtools.crest.swingui.logical.TVEntity" oid="D345C44C-1ED7-D7AC-7215-C4BA51D2BCFE" otype="Entity" vid="C52DD6EF-1B6F-0FE2-715F-3E4C3F89BCDE">
<hideElementsInCurrentOnly>false</hideElementsInCurrentOnly>
<bounds x="508" y="827" width="320" height="125"/>
</OView>
<OView class="oracle.dbtools.crest.swingui.logical.TVEntity" oid="D564FDEF-8C0B-1D80-72A5-43765C537CC9" otype="Entity" vid="14962991-AEDC-B744-C9D8-5D8A76DBF10E">
<hideElementsInCurrentOnly>false</hideElementsInCurrentOnly>
<bounds x="899" y="398" width="342" height="84"/>
</OView>
<OView class="oracle.dbtools.crest.swingui.logical.TVEntity" oid="ED4CB88B-B06D-5AA3-5E06-7B1453AA6532" otype="Entity" vid="22A7FE61-70BA-5D75-184C-19F793D4929B">
<hideElementsInCurrentOnly>false</hideElementsInCurrentOnly>
<bounds x="146" y="294" width="276" height="163"/>
</OView>
</objectViews>
<connectors>
<Connector class="oracle.dbtools.crest.swingui.logical.TVRelation" oid="0460AE4F-29DD-62A7-7BC1-5463CA8C612C" otype="Relation" vid_source="14962991-AEDC-B744-C9D8-5D8A76DBF10E" vid_target="DFBC133C-9D46-3618-B70F-43742460AA0B">
<hideElementsInCurrentOnly>false</hideElementsInCurrentOnly>
<backgroundColor>-16777216</backgroundColor>
<lineWidth>1</lineWidth>
<points>
<point x="899" y="425"/>
<point x="799" y="425"/>
</points>
</Connector>
<Connector class="oracle.dbtools.crest.swingui.logical.TVRelation" oid="1677CA4B-41EB-46FB-60AC-80CE88146473" otype="Relation" vid_source="66404052-8699-C4FC-7B50-E33FD151BA53" vid_target="352B15EC-8E7B-581E-A5F5-8041BE6698BF">
<hideElementsInCurrentOnly>false</hideElementsInCurrentOnly>
<backgroundColor>-16777216</backgroundColor>
<lineWidth>1</lineWidth>
<points>
<point x="523" y="103"/>
<point x="430" y="103"/>
</points>
</Connector>
<Connector class="oracle.dbtools.crest.swingui.logical.TVRelation" oid="25A6550F-D135-B0DE-BF62-024DE2E54124" otype="Relation" vid_source="C52DD6EF-1B6F-0FE2-715F-3E4C3F89BCDE" vid_target="641189BE-8200-8688-B521-12D4F4CB8F51">
<hideElementsInCurrentOnly>false</hideElementsInCurrentOnly>
<backgroundColor>-16777216</backgroundColor>
<lineWidth>1</lineWidth>
<points>
<point x="615" y="827"/>
<point x="615" y="728"/>
</points>
</Connector>
<Connector class="oracle.dbtools.crest.swingui.logical.TVRelation" oid="33758114-0F9A-D847-15CF-FC9309D18149" otype="Relation" vid_source="DFBC133C-9D46-3618-B70F-43742460AA0B" vid_target="22A7FE61-70BA-5D75-184C-19F793D4929B">
<hideElementsInCurrentOnly>false</hideElementsInCurrentOnly>
<backgroundColor>-16777216</backgroundColor>
<lineWidth>1</lineWidth>
<points>
<point x="489" y="390"/>
<point x="422" y="390"/>
</points>
</Connector>
<Connector class="oracle.dbtools.crest.swingui.logical.TVInheritanceRelation" oid="33D44667-E18B-66A4-A9B1-59F7C2797820" otype="Hierarchy relation" vid_source="66404052-8699-C4FC-7B50-E33FD151BA53" vid_target="DFBC133C-9D46-3618-B70F-43742460AA0B">
<hideElementsInCurrentOnly>false</hideElementsInCurrentOnly>
<backgroundColor>-65536</backgroundColor>
<lineWidth>1</lineWidth>
<points>
<point x="633" y="179"/>
<point x="633" y="252"/>
</points>
</Connector>
<Connector class="oracle.dbtools.crest.swingui.logical.TVInheritanceRelation" oid="51EEAA70-B524-DA1D-AECA-3C75DEE26BB7" otype="Hierarchy relation" vid_source="66404052-8699-C4FC-7B50-E33FD151BA53" vid_target="352B15EC-8E7B-581E-A5F5-8041BE6698BF">
<hideElementsInCurrentOnly>false</hideElementsInCurrentOnly>
<backgroundColor>-65536</backgroundColor>
<lineWidth>1</lineWidth>
<points>
<point x="523" y="88"/>
<point x="430" y="88"/>
</points>
</Connector>
<Connector class="oracle.dbtools.crest.swingui.logical.TVRelation" oid="64547E59-83DA-9B40-566E-01A9391F8A34" otype="Relation" vid_source="66404052-8699-C4FC-7B50-E33FD151BA53" vid_target="DFBC133C-9D46-3618-B70F-43742460AA0B">
<hideElementsInCurrentOnly>false</hideElementsInCurrentOnly>
<backgroundColor>-16777216</backgroundColor>
<lineWidth>1</lineWidth>
<points>
<point x="618" y="179"/>
<point x="618" y="252"/>
</points>
</Connector>
<Connector class="oracle.dbtools.crest.swingui.logical.TVRelation" oid="664DF926-FC83-7DE9-2DD1-810BC3F51CA6" otype="Relation" vid_source="5F0DC237-9290-1F33-2C76-26BE6DF40CF1" vid_target="66404052-8699-C4FC-7B50-E33FD151BA53">
<hideElementsInCurrentOnly>false</hideElementsInCurrentOnly>
<backgroundColor>-16777216</backgroundColor>
<lineWidth>1</lineWidth>
<points>
<point x="857" y="64"/>
<point x="744" y="64"/>
</points>
</Connector>
<Connector class="oracle.dbtools.crest.swingui.logical.TVRelation" oid="7BA6ECDB-87F1-102D-E2DB-8ACED2C66B44" otype="Relation" vid_source="0D5E32EF-2003-3441-CF9D-8AC92ADBF2C5" vid_target="DFBC133C-9D46-3618-B70F-43742460AA0B">
<hideElementsInCurrentOnly>false</hideElementsInCurrentOnly>
<backgroundColor>-16777216</backgroundColor>
<lineWidth>1</lineWidth>
<points>
<point x="932" y="349"/>
<point x="799" y="349"/>
</points>
</Connector>
<Connector class="oracle.dbtools.crest.swingui.logical.TVRelation" oid="7EA6760A-B079-20B1-C5CA-B8B9265FBA9D" otype="Relation" vid_source="DFBC133C-9D46-3618-B70F-43742460AA0B" vid_target="DFBC133C-9D46-3618-B70F-43742460AA0B">
<hideElementsInCurrentOnly>false</hideElementsInCurrentOnly>
<backgroundColor>-16777216</backgroundColor>
<lineWidth>1</lineWidth>
<points>
<point x="799" y="441"/>
<point x="841" y="441"/>
<point x="842" y="394"/>
<point x="842" y="314"/>
<point x="799" y="314"/>
</points>
</Connector>
<Connector class="oracle.dbtools.crest.swingui.logical.TVRelation" oid="89DBBB0D-0FE7-82C0-EBA2-DB1F5111140F" otype="Relation" vid_source="22A7FE61-70BA-5D75-184C-19F793D4929B" vid_target="35A14C3E-B0BD-EB1F-C906-A233D368BF8C">
<hideElementsInCurrentOnly>false</hideElementsInCurrentOnly>
<backgroundColor>-16777216</backgroundColor>
<lineWidth>1</lineWidth>
<points>
<point x="175" y="294"/>
<point x="175" y="193"/>
</points>
</Connector>
<Connector class="oracle.dbtools.crest.swingui.logical.TVRelation" oid="966677A4-F094-748B-1CF9-58EAB1A9A62A" otype="Relation" vid_source="641189BE-8200-8688-B521-12D4F4CB8F51" vid_target="B346BB61-8DD3-0B68-510C-96A32B0B2599">
<hideElementsInCurrentOnly>false</hideElementsInCurrentOnly>
<backgroundColor>-16777216</backgroundColor>
<lineWidth>1</lineWidth>
<points>
<point x="385" y="666"/>
<point x="254" y="666"/>
</points>
</Connector>
<Connector class="oracle.dbtools.crest.swingui.logical.TVRelation" oid="9B3C3AEE-B179-0DC9-3F81-20D17C1997BC" otype="Relation" vid_source="DFBC133C-9D46-3618-B70F-43742460AA0B" vid_target="641189BE-8200-8688-B521-12D4F4CB8F51">
<hideElementsInCurrentOnly>false</hideElementsInCurrentOnly>
<backgroundColor>-16777216</backgroundColor>
<lineWidth>1</lineWidth>
<points>
<point x="620" y="532"/>
<point x="620" y="604"/>
</points>
</Connector>
<Connector class="oracle.dbtools.crest.swingui.logical.TVRelation" oid="A01C19B2-BF62-1F3E-1767-81D4D8317EE4" otype="Relation" vid_source="138B623A-DB7F-879C-B953-BAAA4CA23F68" vid_target="DFBC133C-9D46-3618-B70F-43742460AA0B">
<hideElementsInCurrentOnly>false</hideElementsInCurrentOnly>
<backgroundColor>-16777216</backgroundColor>
<lineWidth>1</lineWidth>
<points>
<point x="891" y="516"/>
<point x="799" y="516"/>
</points>
</Connector>
<Connector class="oracle.dbtools.crest.swingui.logical.TVRelation" oid="D498B992-5114-0574-690A-6351A03A948C" otype="Relation" vid_source="22A7FE61-70BA-5D75-184C-19F793D4929B" vid_target="641189BE-8200-8688-B521-12D4F4CB8F51">
<hideElementsInCurrentOnly>false</hideElementsInCurrentOnly>
<backgroundColor>-16777216</backgroundColor>
<lineWidth>1</lineWidth>
<points>
<point x="403" y="457"/>
<point x="403" y="604"/>
</points>
</Connector>
<Connector class="oracle.dbtools.crest.swingui.logical.TVRelation" oid="E1B18A50-346B-80B5-5586-F98C6F696F5D" otype="Relation" vid_source="638AB829-F28C-9A52-62D6-8794F279FF30" vid_target="5F0DC237-9290-1F33-2C76-26BE6DF40CF1">
<hideElementsInCurrentOnly>false</hideElementsInCurrentOnly>
<backgroundColor>-16777216</backgroundColor>
<lineWidth>1</lineWidth>
<points>
<point x="1197" y="54"/>
<point x="1135" y="54"/>
</points>
</Connector>
<Connector class="oracle.dbtools.crest.swingui.logical.TVRelation" oid="EBCC6C6E-D37D-E11C-9747-4BD58394856B" otype="Relation" vid_source="AB356ADD-F859-37C8-56E8-7184CD503351" vid_target="DFBC133C-9D46-3618-B70F-43742460AA0B">
<hideElementsInCurrentOnly>false</hideElementsInCurrentOnly>
<backgroundColor>-16777216</backgroundColor>
<lineWidth>1</lineWidth>
<points>
<point x="965" y="261"/>
<point x="799" y="261"/>
</points>
</Connector>
<Connector class="oracle.dbtools.crest.swingui.logical.TVRelation" oid="F6FBAAB2-4DDD-1F97-B17C-BAB2A1A1AEC2" otype="Relation" vid_source="352B15EC-8E7B-581E-A5F5-8041BE6698BF" vid_target="22A7FE61-70BA-5D75-184C-19F793D4929B">
<hideElementsInCurrentOnly>false</hideElementsInCurrentOnly>
<backgroundColor>-16777216</backgroundColor>
<lineWidth>1</lineWidth>
<points>
<point x="325" y="133"/>
<point x="325" y="294"/>
</points>
</Connector>
</connectors>
</Diagram>