<?xml version = '1.0' encoding = 'UTF-8'?>
<FKIndexAssociation class="oracle.dbtools.crest.model.design.relational.FKIndexAssociation" directorySegmentName="seg_0" id="04BD20D3-BE7D-DAA2-34CC-24687CC06B55" containerWithKeyObject="AF98C96D-9534-6233-AC6E-C953BDA7E801" localFKIndex="A63E2717-40D9-1C2B-AED6-AAD4434EBD21" name="SOLICITUD_EXAMEN_MEDICO_FK">
<createdBy>alexandrarms</createdBy>
<createdTime>2025-09-15 05:40:55 UTC</createdTime>
<generatorID>9B3C3AEE-B179-0DC9-3F81-20D17C1997BC</generatorID>
<ownerDesignName>CENTROMEDICOU</ownerDesignName>
<referredTableLongName>MEDICO</referredTableLongName>
<deleteRule>NO ACTION</deleteRule>
<referredTableID>87D17536-0BC4-B169-C72C-687895743FB3</referredTableID>
<keyObject>2247A800-F18A-4638-142F-05D28C484A2C</keyObject>
<referredKeyID>2247A800-F18A-4638-142F-05D28C484A2C</referredKeyID>
<mandatory>true</mandatory>
<refColNames>rut_persona</refColNames>
<transferable>true</transferable>
<rely>false</rely>
<columnDependencyConstraintGenerateInDDL>true</columnDependencyConstraintGenerateInDDL>
</FKIndexAssociation>