<?xml version = '1.0' encoding = 'UTF-8'?>
<FKIndexAssociation class="oracle.dbtools.crest.model.design.relational.FKIndexAssociation" directorySegmentName="seg_0" id="1278552E-E761-501E-59A4-8BB5EA2225A6" containerWithKeyObject="DD8F8E29-2146-5B3B-12D0-5C41EC0D3351" localFKIndex="FC3729D6-AF05-8E36-D0DC-086A3928D441" name="FICHA_ATENCION_MEDICO_FK">
<createdBy>alexandrarms</createdBy>
<createdTime>2025-09-15 05:40:55 UTC</createdTime>
<generatorID>33758114-0F9A-D847-15CF-FC9309D18149</generatorID>
<ownerDesignName>CENTROMEDICOU</ownerDesignName>
<referredTableLongName>MEDICO</referredTableLongName>
<deleteRule>NO ACTION</deleteRule>
<referredTableID>87D17536-0BC4-B169-C72C-687895743FB3</referredTableID>
<keyObject>2247A800-F18A-4638-142F-05D28C484A2C</keyObject>
<referredKeyID>2247A800-F18A-4638-142F-05D28C484A2C</referredKeyID>
<mandatory>true</mandatory>
<refColNames>rut_persona</refColNames>
<transferable>true</transferable>
<rely>false</rely>
<columnDependencyConstraintGenerateInDDL>true</columnDependencyConstraintGenerateInDDL>
</FKIndexAssociation>