<?xml version = '1.0' encoding = 'UTF-8'?>
<FKIndexAssociation class="oracle.dbtools.crest.model.design.relational.FKIndexAssociation" directorySegmentName="seg_0" id="22458C7D-7DF1-8D2E-7405-7D92877A94B7" containerWithKeyObject="87D17536-0BC4-B169-C72C-687895743FB3" localFKIndex="D3CD4415-69C5-C64D-8A99-4320BF9E1931" name="MEDICO_ESPECIALIDAD_FK">
<createdBy>alexandrarms</createdBy>
<createdTime>2025-09-15 05:40:55 UTC</createdTime>
<generatorID>0460AE4F-29DD-62A7-7BC1-5463CA8C612C</generatorID>
<ownerDesignName>CENTROMEDICOU</ownerDesignName>
<referredTableLongName>ESPECIALIDAD</referredTableLongName>
<deleteRule>NO ACTION</deleteRule>
<referredTableID>17237E67-4F5B-16FB-DEBB-64BA8465DDFD</referredTableID>
<keyObject>AD856A66-09FE-E0C2-E40C-43A0C62B26C4</keyObject>
<referredKeyID>AD856A66-09FE-E0C2-E40C-43A0C62B26C4</referredKeyID>
<mandatory>true</mandatory>
<refColNames>id_especialidad</refColNames>
<transferable>true</transferable>
<rely>false</rely>
<columnDependencyConstraintGenerateInDDL>true</columnDependencyConstraintGenerateInDDL>
</FKIndexAssociation>