<?xml version = '1.0' encoding = 'UTF-8'?>
<FKIndexAssociation class="oracle.dbtools.crest.model.design.relational.FKIndexAssociation" directorySegmentName="seg_0" id="63241116-297B-96DC-A68A-1E87C20FED5A" containerWithKeyObject="91EB8728-D603-ECF4-7FB5-EBEC2167FD86" localFKIndex="5A598CF9-4017-C3BD-36DA-6CF6A0A54CD8" name="PACIENTE_PERSONA_FKv2">
<createdBy>alexandrarms</createdBy>
<createdTime>2025-09-15 05:40:55 UTC</createdTime>
<generatorID>1677CA4B-41EB-46FB-60AC-80CE88146473</generatorID>
<ownerDesignName>CENTROMEDICOU</ownerDesignName>
<referredTableLongName>PERSONA</referredTableLongName>
<deleteRule>NO ACTION</deleteRule>
<referredTableID>C1DAFCF9-E201-3E98-1B21-912A1C3A266D</referredTableID>
<keyObject>BC31A078-79DE-9789-0442-233EAC46E108</keyObject>
<referredKeyID>BC31A078-79DE-9789-0442-233EAC46E108</referredKeyID>
<mandatory>true</mandatory>
<refColNames>rut_persona</refColNames>
<transferable>true</transferable>
<rely>false</rely>
<columnDependencyConstraintGenerateInDDL>true</columnDependencyConstraintGenerateInDDL>
</FKIndexAssociation>