<?xml version = '1.0' encoding = 'UTF-8'?>
<FKIndexAssociation class="oracle.dbtools.crest.model.design.relational.FKIndexAssociation" directorySegmentName="seg_0" id="78C9FABE-1B7D-AE04-8C4A-36AB6E077F07" containerWithKeyObject="AF98C96D-9534-6233-AC6E-C953BDA7E801" localFKIndex="DAD11BA7-88B9-20E8-40A9-15455D2CC7C2" name="SOLICITUD_EXAMEN_EXAMEN_FK">
<createdBy>alexandrarms</createdBy>
<createdTime>2025-09-15 05:40:55 UTC</createdTime>
<generatorID>25A6550F-D135-B0DE-BF62-024DE2E54124</generatorID>
<ownerDesignName>CENTROMEDICOU</ownerDesignName>
<referredTableLongName>EXAMEN</referredTableLongName>
<deleteRule>NO ACTION</deleteRule>
<referredTableID>262A310D-90D6-6734-758F-015D2CC0CD81</referredTableID>
<keyObject>FD7A45E9-18D9-62AB-6E17-EC2C44357ADA</keyObject>
<referredKeyID>FD7A45E9-18D9-62AB-6E17-EC2C44357ADA</referredKeyID>
<mandatory>true</mandatory>
<refColNames>examen_codigo</refColNames>
<transferable>true</transferable>
<rely>false</rely>
<columnDependencyConstraintGenerateInDDL>true</columnDependencyConstraintGenerateInDDL>
</FKIndexAssociation>