<?xml version = '1.0' encoding = 'UTF-8'?>
<FKIndexAssociation class="oracle.dbtools.crest.model.design.relational.FKIndexAssociation" directorySegmentName="seg_0" id="7A23E5D1-C8FB-CF17-24F1-B43F7ADF9A58" containerWithKeyObject="87D17536-0BC4-B169-C72C-687895743FB3" localFKIndex="65DC7527-01DF-7018-5677-851F25F69AC7" name="MEDICO_INSTITUCION_SALUD_FK">
<createdBy>alexandrarms</createdBy>
<createdTime>2025-09-15 05:40:55 UTC</createdTime>
<generatorID>A01C19B2-BF62-1F3E-1767-81D4D8317EE4</generatorID>
<ownerDesignName>CENTROMEDICOU</ownerDesignName>
<referredTableLongName>INSTITUCION_SALUD</referredTableLongName>
<deleteRule>NO ACTION</deleteRule>
<referredTableID>1E1F4955-CD8A-F5D1-D474-D9EEAFE68B12</referredTableID>
<keyObject>98089B0A-D76C-4A2B-3D09-187CA8D17151</keyObject>
<referredKeyID>98089B0A-D76C-4A2B-3D09-187CA8D17151</referredKeyID>
<mandatory>true</mandatory>
<refColNames>id_institucion</refColNames>
<transferable>true</transferable>
<rely>false</rely>
<columnDependencyConstraintGenerateInDDL>true</columnDependencyConstraintGenerateInDDL>
</FKIndexAssociation>