<?xml version = '1.0' encoding = 'UTF-8'?>
<FKIndexAssociation class="oracle.dbtools.crest.model.design.relational.FKIndexAssociation" directorySegmentName="seg_0" id="8274258A-4D51-9D6C-4963-2D0A7430F8BE" containerWithKeyObject="DD8F8E29-2146-5B3B-12D0-5C41EC0D3351" localFKIndex="D0658D4E-8CAF-D06B-B85A-A1E5E9F4EA53" name="FICHA_ATENCION_PACIENTE_FK">
<createdBy>alexandrarms</createdBy>
<createdTime>2025-09-15 05:40:55 UTC</createdTime>
<generatorID>F6FBAAB2-4DDD-1F97-B17C-BAB2A1A1AEC2</generatorID>
<ownerDesignName>CENTROMEDICOU</ownerDesignName>
<referredTableLongName>PACIENTE</referredTableLongName>
<deleteRule>NO ACTION</deleteRule>
<referredTableID>91EB8728-D603-ECF4-7FB5-EBEC2167FD86</referredTableID>
<keyObject>BD572B90-9F6F-E098-3B0A-008A98E60774</keyObject>
<referredKeyID>BD572B90-9F6F-E098-3B0A-008A98E60774</referredKeyID>
<mandatory>true</mandatory>
<refColNames>rut_persona1</refColNames>
<transferable>true</transferable>
<rely>false</rely>
<columnDependencyConstraintGenerateInDDL>true</columnDependencyConstraintGenerateInDDL>
</FKIndexAssociation>