<?xml version = '1.0' encoding = 'UTF-8'?>
<FKIndexAssociation class="oracle.dbtools.crest.model.design.relational.FKIndexAssociation" directorySegmentName="seg_0" id="889CFE43-9930-8893-A29D-A2AB9062FFC3" containerWithKeyObject="87D17536-0BC4-B169-C72C-687895743FB3" localFKIndex="BAE15C8C-4701-D77E-1D07-4732C915850B" name="MEDICO_UNIDAD_ATENCION_FK">
<createdBy>alexandrarms</createdBy>
<createdTime>2025-09-15 05:40:55 UTC</createdTime>
<generatorID>7BA6ECDB-87F1-102D-E2DB-8ACED2C66B44</generatorID>
<ownerDesignName>CENTROMEDICOU</ownerDesignName>
<referredTableLongName>UNIDAD_ATENCION</referredTableLongName>
<deleteRule>NO ACTION</deleteRule>
<referredTableID>802E7C8A-1E37-E34B-7175-14D345151939</referredTableID>
<keyObject>FD05599B-A2AC-014C-2A0C-FD70945D9D27</keyObject>
<referredKeyID>FD05599B-A2AC-014C-2A0C-FD70945D9D27</referredKeyID>
<mandatory>true</mandatory>
<refColNames>id_unidad</refColNames>
<transferable>true</transferable>
<rely>false</rely>
<columnDependencyConstraintGenerateInDDL>true</columnDependencyConstraintGenerateInDDL>
</FKIndexAssociation>