<?xml version = '1.0' encoding = 'UTF-8'?>
<FKIndexAssociation class="oracle.dbtools.crest.model.design.relational.FKIndexAssociation" directorySegmentName="seg_0" id="8A1EEF1E-3ED2-7884-1EA8-8EF2442CCCFB" containerWithKeyObject="C1DAFCF9-E201-3E98-1B21-912A1C3A266D" localFKIndex="A6F3625D-EDD4-755F-B125-B77534B5D6EA" name="PERSONA_COMUNA_FK">
<createdBy>alexandrarms</createdBy>
<createdTime>2025-09-15 05:40:54 UTC</createdTime>
<generatorID>664DF926-FC83-7DE9-2DD1-810BC3F51CA6</generatorID>
<ownerDesignName>CENTROMEDICOU</ownerDesignName>
<referredTableLongName>COMUNA</referredTableLongName>
<deleteRule>NO ACTION</deleteRule>
<referredTableID>B07E0C5C-C83B-F8D9-4D4C-AAE16F3F938B</referredTableID>
<keyObject>44CFA06E-0123-155F-70A7-AB20320E279F</keyObject>
<referredKeyID>44CFA06E-0123-155F-70A7-AB20320E279F</referredKeyID>
<mandatory>true</mandatory>
<refColNames>id_comuna</refColNames>
<transferable>true</transferable>
<rely>false</rely>
<columnDependencyConstraintGenerateInDDL>true</columnDependencyConstraintGenerateInDDL>
</FKIndexAssociation>