<?xml version = '1.0' encoding = 'UTF-8'?>
<FKIndexAssociation class="oracle.dbtools.crest.model.design.relational.FKIndexAssociation" directorySegmentName="seg_0" id="93D6DCF2-6DE1-366C-53C7-5999BF97947A" containerWithKeyObject="B07E0C5C-C83B-F8D9-4D4C-AAE16F3F938B" localFKIndex="BCE1C332-C756-30B5-7551-82282BB511B4" name="COMUNA_REGION_FK">
<createdBy>alexandrarms</createdBy>
<createdTime>2025-09-15 05:40:54 UTC</createdTime>
<generatorID>E1B18A50-346B-80B5-5586-F98C6F696F5D</generatorID>
<ownerDesignName>CENTROMEDICOU</ownerDesignName>
<referredTableLongName>REGION</referredTableLongName>
<deleteRule>NO ACTION</deleteRule>
<referredTableID>0AC79D5C-0843-1F73-9FCE-6F5CFBE5BC42</referredTableID>
<keyObject>109E5D02-910D-19C2-9870-196CABC55CBE</keyObject>
<referredKeyID>109E5D02-910D-19C2-9870-196CABC55CBE</referredKeyID>
<mandatory>true</mandatory>
<refColNames>id_region</refColNames>
<transferable>true</transferable>
<rely>false</rely>
<columnDependencyConstraintGenerateInDDL>true</columnDependencyConstraintGenerateInDDL>
</FKIndexAssociation>