<?xml version = '1.0' encoding = 'UTF-8'?>
<FKIndexAssociation class="oracle.dbtools.crest.model.design.relational.FKIndexAssociation" directorySegmentName="seg_0" id="BEC0E954-A8EE-8962-C11B-E65A92870DF1" containerWithKeyObject="40258822-70E1-4A41-C40E-0D4E13FB5010" localFKIndex="13344285-828A-E5FE-4EA1-038CDFF8B4AA" name="PAGO_FICHA_ATENCION_FK">
<createdBy>alexandrarms</createdBy>
<createdTime>2025-09-16 00:30:06 UTC</createdTime>
<generatorID>89DBBB0D-0FE7-82C0-EBA2-DB1F5111140F</generatorID>
<ownerDesignName>CENTROMEDICOU</ownerDesignName>
<referredTableLongName>FICHA_ATENCION</referredTableLongName>
<deleteRule>NO ACTION</deleteRule>
<referredTableID>DD8F8E29-2146-5B3B-12D0-5C41EC0D3351</referredTableID>
<keyObject>88029914-DDC1-27D4-4EAA-1B35350D15BD</keyObject>
<referredKeyID>88029914-DDC1-27D4-4EAA-1B35350D15BD</referredKeyID>
<mandatory>true</mandatory>
<refColNames>id_atencion</refColNames>
<transferable>true</transferable>
<rely>false</rely>
<columnDependencyConstraintGenerateInDDL>true</columnDependencyConstraintGenerateInDDL>
</FKIndexAssociation>