<?xml version = '1.0' encoding = 'UTF-8'?>
<FKIndexAssociation class="oracle.dbtools.crest.model.design.relational.FKIndexAssociation" directorySegmentName="seg_0" id="C0DB1001-8138-5E41-BD11-22BF30747CB8" containerWithKeyObject="DD8F8E29-2146-5B3B-12D0-5C41EC0D3351" localFKIndex="98426F67-319E-7BD3-20CA-B4CD023673E7" name="FICHA_ATENCION_PAGO_FK">
<createdBy>alexandrarms</createdBy>
<createdTime>2025-09-16 00:30:06 UTC</createdTime>
<generatorID>89DBBB0D-0FE7-82C0-EBA2-DB1F5111140F</generatorID>
<ownerDesignName>CENTROMEDICOU</ownerDesignName>
<referredTableLongName>PAGO</referredTableLongName>
<deleteRule>NO ACTION</deleteRule>
<referredTableID>40258822-70E1-4A41-C40E-0D4E13FB5010</referredTableID>
<keyObject>41BE2C4E-B350-B30A-82A5-DED433F454E6</keyObject>
<referredKeyID>41BE2C4E-B350-B30A-82A5-DED433F454E6</referredKeyID>
<mandatory>true</mandatory>
<refColNames>id_pago</refColNames>
<transferable>true</transferable>
<rely>false</rely>
<columnDependencyConstraintGenerateInDDL>true</columnDependencyConstraintGenerateInDDL>
</FKIndexAssociation>