<?xml version = '1.0' encoding = 'UTF-8'?>
<FKIndexAssociation class="oracle.dbtools.crest.model.design.relational.FKIndexAssociation" directorySegmentName="seg_0" id="C12571BC-B024-40E8-A50C-435D750F2954" containerWithKeyObject="43BC6CAE-4C32-B69A-C59D-67FFEDC4A07B" localFKIndex="6E42763C-3373-111F-BC30-C64294FA7662" name="RESULT_EXAMEN_SOLICITUD__FK">
<createdBy>alexandrarms</createdBy>
<createdTime>2025-09-15 05:40:55 UTC</createdTime>
<generatorID>966677A4-F094-748B-1CF9-58EAB1A9A62A</generatorID>
<ownerDesignName>CENTROMEDICOU</ownerDesignName>
<referredTableLongName>SOLICITUD_EXAMEN</referredTableLongName>
<deleteRule>NO ACTION</deleteRule>
<referredTableID>AF98C96D-9534-6233-AC6E-C953BDA7E801</referredTableID>
<keyObject>5B2D8BDD-4860-CE84-655F-6F0FF0C20CA1</keyObject>
<referredKeyID>5B2D8BDD-4860-CE84-655F-6F0FF0C20CA1</referredKeyID>
<mandatory>true</mandatory>
<refColNames>id_solicitud</refColNames>
<transferable>true</transferable>
<rely>false</rely>
<columnDependencyConstraintGenerateInDDL>true</columnDependencyConstraintGenerateInDDL>
</FKIndexAssociation>