<?xml version = '1.0' encoding = 'UTF-8'?>
<FKIndexAssociation class="oracle.dbtools.crest.model.design.relational.FKIndexAssociation" directorySegmentName="seg_0" id="C93F3FAF-5BD1-3B9E-87E3-35B59B446010" containerWithKeyObject="87D17536-0BC4-B169-C72C-687895743FB3" localFKIndex="1488B7A4-4F57-652C-AC2F-82D2FE891A5A" name="MEDICO_MEDICO_FK">
<createdBy>alexandrarms</createdBy>
<createdTime>2025-09-15 05:40:55 UTC</createdTime>
<generatorID>7EA6760A-B079-20B1-C5CA-B8B9265FBA9D</generatorID>
<ownerDesignName>CENTROMEDICOU</ownerDesignName>
<referredTableLongName>MEDICO</referredTableLongName>
<deleteRule>NO ACTION</deleteRule>
<referredTableID>87D17536-0BC4-B169-C72C-687895743FB3</referredTableID>
<keyObject>2247A800-F18A-4638-142F-05D28C484A2C</keyObject>
<referredKeyID>2247A800-F18A-4638-142F-05D28C484A2C</referredKeyID>
<mandatory>true</mandatory>
<refColNames>rut_persona</refColNames>
<transferable>true</transferable>
<rely>false</rely>
<columnDependencyConstraintGenerateInDDL>true</columnDependencyConstraintGenerateInDDL>
</FKIndexAssociation>