<?xml version = '1.0' encoding = 'UTF-8'?>
<FKIndexAssociation class="oracle.dbtools.crest.model.design.relational.FKIndexAssociation" directorySegmentName="seg_0" id="CC246F80-11E8-C50E-6F9D-0A4FF1827E7C" containerWithKeyObject="87D17536-0BC4-B169-C72C-687895743FB3" localFKIndex="CA12BB1C-F047-3F88-6E4F-D7502F2389CD" name="MÉDICO_PERSONA_FK">
<createdBy>alexandrarms</createdBy>
<createdTime>2025-09-15 05:40:54 UTC</createdTime>
<generatorID>33D44667-E18B-66A4-A9B1-59F7C2797820</generatorID>
<ownerDesignName>CENTROMEDICOU</ownerDesignName>
<referredTableLongName>PERSONA</referredTableLongName>
<arc>D8DCC667-78A9-BFD9-7798-0E2227BCE8DC</arc>
<deleteRule>NO ACTION</deleteRule>
<referredTableID>C1DAFCF9-E201-3E98-1B21-912A1C3A266D</referredTableID>
<keyObject>BC31A078-79DE-9789-0442-233EAC46E108</keyObject>
<referredKeyID>BC31A078-79DE-9789-0442-233EAC46E108</referredKeyID>
<mandatory>true</mandatory>
<refColNames>rut_persona</refColNames>
<transferable>true</transferable>
<rely>false</rely>
<columnDependencyConstraintGenerateInDDL>true</columnDependencyConstraintGenerateInDDL>
</FKIndexAssociation>