<?xml version = '1.0' encoding = 'UTF-8'?>
<FKIndexAssociation class="oracle.dbtools.crest.model.design.relational.FKIndexAssociation" directorySegmentName="seg_0" id="D5CD5D57-7FAB-3609-5E81-A0CCECD3A579" containerWithKeyObject="87D17536-0BC4-B169-C72C-687895743FB3" localFKIndex="80139DB2-045E-1FCA-658F-363A478F877F" name="MEDICO_AFP_FK">
<createdBy>alexandrarms</createdBy>
<createdTime>2025-09-15 05:40:55 UTC</createdTime>
<generatorID>EBCC6C6E-D37D-E11C-9747-4BD58394856B</generatorID>
<ownerDesignName>CENTROMEDICOU</ownerDesignName>
<referredTableLongName>AFP</referredTableLongName>
<deleteRule>NO ACTION</deleteRule>
<referredTableID>5C047403-681A-FD5C-6840-9F73561D7EBB</referredTableID>
<keyObject>DA1865C4-1DAB-2D5D-B1F5-7AFC5347AB30</keyObject>
<referredKeyID>DA1865C4-1DAB-2D5D-B1F5-7AFC5347AB30</referredKeyID>
<mandatory>true</mandatory>
<refColNames>id_afp</refColNames>
<transferable>true</transferable>
<rely>false</rely>
<columnDependencyConstraintGenerateInDDL>true</columnDependencyConstraintGenerateInDDL>
</FKIndexAssociation>