<?xml version = '1.0' encoding = 'UTF-8'?>
<FKIndexAssociation class="oracle.dbtools.crest.model.design.relational.FKIndexAssociation" directorySegmentName="seg_0" id="DBCE5649-F015-B763-750C-7835DC380A94" containerWithKeyObject="87D17536-0BC4-B169-C72C-687895743FB3" localFKIndex="FA4E21FC-E078-855B-26C9-7D422ED6C38A" name="MEDICO_PERSONA_FK">
<createdBy>alexandrarms</createdBy>
<createdTime>2025-09-15 05:40:55 UTC</createdTime>
<generatorID>64547E59-83DA-9B40-566E-01A9391F8A34</generatorID>
<ownerDesignName>CENTROMEDICOU</ownerDesignName>
<referredTableLongName>PERSONA</referredTableLongName>
<deleteRule>NO ACTION</deleteRule>
<referredTableID>C1DAFCF9-E201-3E98-1B21-912A1C3A266D</referredTableID>
<keyObject>BC31A078-79DE-9789-0442-233EAC46E108</keyObject>
<referredKeyID>BC31A078-79DE-9789-0442-233EAC46E108</referredKeyID>
<mandatory>true</mandatory>
<refColNames>rut_persona</refColNames>
<transferable>true</transferable>
<rely>false</rely>
<columnDependencyConstraintGenerateInDDL>true</columnDependencyConstraintGenerateInDDL>
</FKIndexAssociation>