<?xml version = '1.0' encoding = 'UTF-8'?>
<FKIndexAssociation class="oracle.dbtools.crest.model.design.relational.FKIndexAssociation" directorySegmentName="seg_0" id="F230A2BA-D18D-DFCC-F59F-2AC080D225C7" containerWithKeyObject="91EB8728-D603-ECF4-7FB5-EBEC2167FD86" localFKIndex="B1A3E570-EE21-F0CF-DC66-94D7006599A5" name="PACIENTE_PERSONA_FK">
<createdBy>alexandrarms</createdBy>
<createdTime>2025-09-15 05:40:54 UTC</createdTime>
<generatorID>51EEAA70-B524-DA1D-AECA-3C75DEE26BB7</generatorID>
<ownerDesignName>CENTROMEDICOU</ownerDesignName>
<referredTableLongName>PERSONA</referredTableLongName>
<arc>D8DCC667-78A9-BFD9-7798-0E2227BCE8DC</arc>
<deleteRule>NO ACTION</deleteRule>
<referredTableID>C1DAFCF9-E201-3E98-1B21-912A1C3A266D</referredTableID>
<keyObject>BC31A078-79DE-9789-0442-233EAC46E108</keyObject>
<referredKeyID>BC31A078-79DE-9789-0442-233EAC46E108</referredKeyID>
<mandatory>true</mandatory>
<refColNames>rut_persona</refColNames>
<transferable>true</transferable>
<rely>false</rely>
<columnDependencyConstraintGenerateInDDL>true</columnDependencyConstraintGenerateInDDL>
</FKIndexAssociation>