<?xml version = '1.0' encoding = 'UTF-8'?>
<FKIndexAssociation class="oracle.dbtools.crest.model.design.relational.FKIndexAssociation" directorySegmentName="seg_0" id="F417AC13-920D-5AE7-463F-09BDDB08141E" containerWithKeyObject="AF98C96D-9534-6233-AC6E-C953BDA7E801" localFKIndex="28DC11F6-B489-0D43-3C19-828524E60BE4" name="SOLICITUD_EXAMEN_FICHA_FK">
<createdBy>alexandrarms</createdBy>
<createdTime>2025-09-15 05:40:55 UTC</createdTime>
<generatorID>D498B992-5114-0574-690A-6351A03A948C</generatorID>
<ownerDesignName>CENTROMEDICOU</ownerDesignName>
<referredTableLongName>FICHA_ATENCION</referredTableLongName>
<deleteRule>NO ACTION</deleteRule>
<referredTableID>DD8F8E29-2146-5B3B-12D0-5C41EC0D3351</referredTableID>
<keyObject>88029914-DDC1-27D4-4EAA-1B35350D15BD</keyObject>
<referredKeyID>88029914-DDC1-27D4-4EAA-1B35350D15BD</referredKeyID>
<mandatory>true</mandatory>
<refColNames>id_atencion</refColNames>
<transferable>true</transferable>
<rely>false</rely>
<columnDependencyConstraintGenerateInDDL>true</columnDependencyConstraintGenerateInDDL>
</FKIndexAssociation>