<?xml version = '1.0' encoding = 'UTF-8'?>
<Relation class="oracle.dbtools.crest.model.design.logical.Relation" name="Relation_22" directorySegmentName="seg_0" id="0460AE4F-29DD-62A7-7BC1-5463CA8C612C">
<createdBy>alexandrarms</createdBy>
<createdTime>2025-09-15 05:02:18 UTC</createdTime>
<ownerDesignName>CENTROMEDICOU</ownerDesignName>
<engineerTo>
<item key="96E985E7-43CA-8CF7-3466-73CABD6FA129" value="true"/>
</engineerTo>
<sourcePk>FD1C143F-CA3E-ADCF-94C3-3AA3817A714C</sourcePk>
<identifying>false</identifying>
<optionalSource>true</optionalSource>
<optionalTarget>false</optionalTarget>
<sourceCardinality>1</sourceCardinality>
<sourceEntity>D564FDEF-8C0B-1D80-72A5-43765C537CC9</sourceEntity>
<targetCardinalityString>*</targetCardinalityString>
<targetEntity>674DC3DA-FE6C-DF06-0D81-3ACD4A5B1D14</targetEntity>
<transferable>true</transferable>
<deleteRule>NO ACTION</deleteRule>
</Relation>