<?xml version = '1.0' encoding = 'UTF-8'?>
<Relation class="oracle.dbtools.crest.model.design.logical.Relation" name="Relation_35" directorySegmentName="seg_0" id="1677CA4B-41EB-46FB-60AC-80CE88146473">
<createdBy>alexandrarms</createdBy>
<createdTime>2025-09-15 05:34:06 UTC</createdTime>
<ownerDesignName>CENTROMEDICOU</ownerDesignName>
<engineerTo>
<item key="96E985E7-43CA-8CF7-3466-73CABD6FA129" value="true"/>
</engineerTo>
<sourcePk>5FF20754-EA50-F21F-CAA8-E317399A6CE5</sourcePk>
<identifying>false</identifying>
<optionalSource>true</optionalSource>
<optionalTarget>false</optionalTarget>
<sourceCardinality>1</sourceCardinality>
<sourceEntity>B7D4E72A-46C4-EB17-16F5-4028EE3296A5</sourceEntity>
<targetCardinalityString>1</targetCardinalityString>
<targetEntity>B09F8CF6-CE53-A3A0-3BCC-69E9E6847E7F</targetEntity>
<transferable>true</transferable>
<deleteRule>NO ACTION</deleteRule>
</Relation>