<?xml version = '1.0' encoding = 'UTF-8'?>
<Relation class="oracle.dbtools.crest.model.design.logical.Relation" name="Relation_30" directorySegmentName="seg_0" id="25A6550F-D135-B0DE-BF62-024DE2E54124">
<createdBy>alexandrarms</createdBy>
<createdTime>2025-09-15 05:07:01 UTC</createdTime>
<ownerDesignName>CENTROMEDICOU</ownerDesignName>
<engineerTo>
<item key="96E985E7-43CA-8CF7-3466-73CABD6FA129" value="true"/>
</engineerTo>
<sourcePk>AC579C6E-D0F4-2AED-95FE-80CDED39EC74</sourcePk>
<identifying>false</identifying>
<optionalSource>true</optionalSource>
<optionalTarget>false</optionalTarget>
<sourceCardinality>1</sourceCardinality>
<sourceEntity>D345C44C-1ED7-D7AC-7215-C4BA51D2BCFE</sourceEntity>
<targetCardinalityString>*</targetCardinalityString>
<targetEntity>A6C5BE20-3E3D-00CF-550A-8A7F1934A835</targetEntity>
<transferable>true</transferable>
<deleteRule>NO ACTION</deleteRule>
</Relation>