<?xml version = '1.0' encoding = 'UTF-8'?>
<Relation class="oracle.dbtools.crest.model.design.logical.Relation" name="Relation_27" directorySegmentName="seg_0" id="33758114-0F9A-D847-15CF-FC9309D18149">
<createdBy>alexandrarms</createdBy>
<createdTime>2025-09-15 05:04:45 UTC</createdTime>
<ownerDesignName>CENTROMEDICOU</ownerDesignName>
<engineerTo>
<item key="96E985E7-43CA-8CF7-3466-73CABD6FA129" value="true"/>
</engineerTo>
<sourcePk>5944F735-9298-8E23-492A-2C6732F745D8</sourcePk>
<identifying>false</identifying>
<optionalSource>true</optionalSource>
<optionalTarget>false</optionalTarget>
<sourceCardinality>1</sourceCardinality>
<sourceEntity>674DC3DA-FE6C-DF06-0D81-3ACD4A5B1D14</sourceEntity>
<targetCardinalityString>*</targetCardinalityString>
<targetEntity>ED4CB88B-B06D-5AA3-5E06-7B1453AA6532</targetEntity>
<transferable>true</transferable>
<deleteRule>NO ACTION</deleteRule>
</Relation>