<?xml version = '1.0' encoding = 'UTF-8'?>
<Relation class="oracle.dbtools.crest.model.design.logical.Relation" name="Relation_36" directorySegmentName="seg_0" id="64547E59-83DA-9B40-566E-01A9391F8A34">
<createdBy>alexandrarms</createdBy>
<createdTime>2025-09-15 05:34:25 UTC</createdTime>
<ownerDesignName>CENTROMEDICOU</ownerDesignName>
<engineerTo>
<item key="96E985E7-43CA-8CF7-3466-73CABD6FA129" value="true"/>
</engineerTo>
<sourcePk>5FF20754-EA50-F21F-CAA8-E317399A6CE5</sourcePk>
<identifying>false</identifying>
<optionalSource>true</optionalSource>
<optionalTarget>false</optionalTarget>
<sourceCardinality>1</sourceCardinality>
<sourceEntity>B7D4E72A-46C4-EB17-16F5-4028EE3296A5</sourceEntity>
<targetCardinalityString>1</targetCardinalityString>
<targetEntity>674DC3DA-FE6C-DF06-0D81-3ACD4A5B1D14</targetEntity>
<transferable>true</transferable>
<deleteRule>NO ACTION</deleteRule>
</Relation>