<?xml version = '1.0' encoding = 'UTF-8'?>
<Relation class="oracle.dbtools.crest.model.design.logical.Relation" name="Relation_20" directorySegmentName="seg_0" id="664DF926-FC83-7DE9-2DD1-810BC3F51CA6">
<createdBy>alexandrarms</createdBy>
<createdTime>2025-09-15 05:01:44 UTC</createdTime>
<ownerDesignName>CENTROMEDICOU</ownerDesignName>
<engineerTo>
<item key="96E985E7-43CA-8CF7-3466-73CABD6FA129" value="true"/>
</engineerTo>
<sourcePk>724AF408-35AC-C946-2D1D-1F7A1CF3C27D</sourcePk>
<identifying>false</identifying>
<optionalSource>true</optionalSource>
<optionalTarget>false</optionalTarget>
<sourceCardinality>1</sourceCardinality>
<sourceEntity>5624162E-2E20-752D-E346-C6968C17522D</sourceEntity>
<targetCardinalityString>*</targetCardinalityString>
<targetEntity>B7D4E72A-46C4-EB17-16F5-4028EE3296A5</targetEntity>
<transferable>true</transferable>
<deleteRule>NO ACTION</deleteRule>
</Relation>