<?xml version = '1.0' encoding = 'UTF-8'?>
<Relation class="oracle.dbtools.crest.model.design.logical.Relation" name="Relation_34" directorySegmentName="seg_0" id="7EA6760A-B079-20B1-C5CA-B8B9265FBA9D">
<createdBy>alexandrarms</createdBy>
<createdTime>2025-09-15 05:08:42 UTC</createdTime>
<ownerDesignName>CENTROMEDICOU</ownerDesignName>
<engineerTo>
<item key="96E985E7-43CA-8CF7-3466-73CABD6FA129" value="true"/>
</engineerTo>
<targetPk>5944F735-9298-8E23-492A-2C6732F745D8</targetPk>
<identifying>false</identifying>
<optionalSource>true</optionalSource>
<optionalTarget>false</optionalTarget>
<sourceCardinality>1</sourceCardinality>
<sourceEntity>674DC3DA-FE6C-DF06-0D81-3ACD4A5B1D14</sourceEntity>
<targetCardinalityString>*</targetCardinalityString>
<targetEntity>674DC3DA-FE6C-DF06-0D81-3ACD4A5B1D14</targetEntity>
<transferable>true</transferable>
<deleteRule>NO ACTION</deleteRule>
</Relation>