<?xml version = '1.0' encoding = 'UTF-8'?>
<Relation class="oracle.dbtools.crest.model.design.logical.Relation" name="Relation_29" directorySegmentName="seg_0" id="89DBBB0D-0FE7-82C0-EBA2-DB1F5111140F">
<createdBy>alexandrarms</createdBy>
<createdTime>2025-09-15 05:05:10 UTC</createdTime>
<ownerDesignName>CENTROMEDICOU</ownerDesignName>
<engineerTo>
<item key="96E985E7-43CA-8CF7-3466-73CABD6FA129" value="true"/>
</engineerTo>
<sourcePk>C42AA718-ACD9-4084-40F0-AD448E8FC0B6</sourcePk>
<targetPk>B8C071A4-8657-C817-570C-4C5D465FEB3B</targetPk>
<identifying>false</identifying>
<optionalSource>false</optionalSource>
<optionalTarget>false</optionalTarget>
<sourceCardinality>1</sourceCardinality>
<sourceEntity>ED4CB88B-B06D-5AA3-5E06-7B1453AA6532</sourceEntity>
<targetCardinalityString>1</targetCardinalityString>
<targetEntity>1B45C09A-DDA9-5801-417A-B235DCC64468</targetEntity>
<transferable>true</transferable>
<deleteRule>NO ACTION</deleteRule>
</Relation>