<?xml version = '1.0' encoding = 'UTF-8'?>
<Relation class="oracle.dbtools.crest.model.design.logical.Relation" name="Relation_33" directorySegmentName="seg_0" id="966677A4-F094-748B-1CF9-58EAB1A9A62A">
<createdBy>alexandrarms</createdBy>
<createdTime>2025-09-15 05:07:46 UTC</createdTime>
<ownerDesignName>CENTROMEDICOU</ownerDesignName>
<engineerTo>
<item key="96E985E7-43CA-8CF7-3466-73CABD6FA129" value="true"/>
</engineerTo>
<sourcePk>436C50CB-DEBA-D78E-4629-32E88AED0154</sourcePk>
<identifying>false</identifying>
<optionalSource>true</optionalSource>
<optionalTarget>false</optionalTarget>
<sourceCardinality>1</sourceCardinality>
<sourceEntity>A6C5BE20-3E3D-00CF-550A-8A7F1934A835</sourceEntity>
<targetCardinalityString>1</targetCardinalityString>
<targetEntity>96B99962-C4F5-63AE-9F6D-26460AB96E70</targetEntity>
<transferable>true</transferable>
<deleteRule>NO ACTION</deleteRule>
</Relation>