<?xml version = '1.0' encoding = 'UTF-8'?>
<Relation class="oracle.dbtools.crest.model.design.logical.Relation" name="Relation_32" directorySegmentName="seg_0" id="9B3C3AEE-B179-0DC9-3F81-20D17C1997BC">
<createdBy>alexandrarms</createdBy>
<createdTime>2025-09-15 05:07:29 UTC</createdTime>
<ownerDesignName>CENTROMEDICOU</ownerDesignName>
<engineerTo>
<item key="96E985E7-43CA-8CF7-3466-73CABD6FA129" value="true"/>
</engineerTo>
<sourcePk>5944F735-9298-8E23-492A-2C6732F745D8</sourcePk>
<identifying>false</identifying>
<optionalSource>true</optionalSource>
<optionalTarget>false</optionalTarget>
<sourceCardinality>1</sourceCardinality>
<sourceEntity>674DC3DA-FE6C-DF06-0D81-3ACD4A5B1D14</sourceEntity>
<targetCardinalityString>*</targetCardinalityString>
<targetEntity>A6C5BE20-3E3D-00CF-550A-8A7F1934A835</targetEntity>
<transferable>true</transferable>
<deleteRule>NO ACTION</deleteRule>
</Relation>