<?xml version = '1.0' encoding = 'UTF-8'?>
<Relation class="oracle.dbtools.crest.model.design.logical.Relation" name="Relation_24" directorySegmentName="seg_0" id="A01C19B2-BF62-1F3E-1767-81D4D8317EE4">
<createdBy>alexandrarms</createdBy>
<createdTime>2025-09-15 05:02:57 UTC</createdTime>
<ownerDesignName>CENTROMEDICOU</ownerDesignName>
<engineerTo>
<item key="96E985E7-43CA-8CF7-3466-73CABD6FA129" value="true"/>
</engineerTo>
<sourcePk>28D3AB74-AA45-9422-D783-1E445E72B6B1</sourcePk>
<identifying>false</identifying>
<optionalSource>true</optionalSource>
<optionalTarget>false</optionalTarget>
<sourceCardinality>1</sourceCardinality>
<sourceEntity>4CF0263C-A2DF-FBA5-4AEF-A2A7EFBB8B45</sourceEntity>
<targetCardinalityString>*</targetCardinalityString>
<targetEntity>674DC3DA-FE6C-DF06-0D81-3ACD4A5B1D14</targetEntity>
<transferable>true</transferable>
<deleteRule>NO ACTION</deleteRule>
</Relation>