<?xml version = '1.0' encoding = 'UTF-8'?>
<Relation class="oracle.dbtools.crest.model.design.logical.Relation" name="Relation_31" directorySegmentName="seg_0" id="D498B992-5114-0574-690A-6351A03A948C">
<createdBy>alexandrarms</createdBy>
<createdTime>2025-09-15 05:07:16 UTC</createdTime>
<ownerDesignName>CENTROMEDICOU</ownerDesignName>
<engineerTo>
<item key="96E985E7-43CA-8CF7-3466-73CABD6FA129" value="true"/>
</engineerTo>
<sourcePk>C42AA718-ACD9-4084-40F0-AD448E8FC0B6</sourcePk>
<identifying>false</identifying>
<optionalSource>true</optionalSource>
<optionalTarget>false</optionalTarget>
<sourceCardinality>1</sourceCardinality>
<sourceEntity>ED4CB88B-B06D-5AA3-5E06-7B1453AA6532</sourceEntity>
<targetCardinalityString>*</targetCardinalityString>
<targetEntity>A6C5BE20-3E3D-00CF-550A-8A7F1934A835</targetEntity>
<transferable>true</transferable>
<deleteRule>NO ACTION</deleteRule>
</Relation>