<?xml version = '1.0' encoding = 'UTF-8'?>
<Relation class="oracle.dbtools.crest.model.design.logical.Relation" name="Relation_19" directorySegmentName="seg_0" id="E1B18A50-346B-80B5-5586-F98C6F696F5D">
<createdBy>alexandrarms</createdBy>
<createdTime>2025-09-15 05:01:21 UTC</createdTime>
<ownerDesignName>CENTROMEDICOU</ownerDesignName>
<engineerTo>
<item key="96E985E7-43CA-8CF7-3466-73CABD6FA129" value="true"/>
</engineerTo>
<sourcePk>1838B4F6-CF44-5E76-8172-E091A8766398</sourcePk>
<identifying>false</identifying>
<optionalSource>true</optionalSource>
<optionalTarget>false</optionalTarget>
<sourceCardinality>1</sourceCardinality>
<sourceEntity>9C20DE13-7732-1D39-C4DB-4DAA5C22E156</sourceEntity>
<targetCardinalityString>*</targetCardinalityString>
<targetEntity>5624162E-2E20-752D-E346-C6968C17522D</targetEntity>
<transferable>true</transferable>
<deleteRule>NO ACTION</deleteRule>
</Relation>