<?xml version = '1.0' encoding = 'UTF-8'?>
<Relation class="oracle.dbtools.crest.model.design.logical.Relation" name="Relation_23" directorySegmentName="seg_0" id="EBCC6C6E-D37D-E11C-9747-4BD58394856B">
<createdBy>alexandrarms</createdBy>
<createdTime>2025-09-15 05:02:34 UTC</createdTime>
<ownerDesignName>CENTROMEDICOU</ownerDesignName>
<engineerTo>
<item key="96E985E7-43CA-8CF7-3466-73CABD6FA129" value="true"/>
</engineerTo>
<sourcePk>F6B46664-A34A-FF2D-AB1A-607075AADE5E</sourcePk>
<identifying>false</identifying>
<optionalSource>true</optionalSource>
<optionalTarget>false</optionalTarget>
<sourceCardinality>1</sourceCardinality>
<sourceEntity>6ECBD603-9D8C-233A-FC75-44CBC57D7189</sourceEntity>
<targetCardinalityString>*</targetCardinalityString>
<targetEntity>674DC3DA-FE6C-DF06-0D81-3ACD4A5B1D14</targetEntity>
<transferable>true</transferable>
<deleteRule>NO ACTION</deleteRule>
</Relation>