<?xml version = '1.0' encoding = 'UTF-8'?>
<Relation class="oracle.dbtools.crest.model.design.logical.Relation" name="Relation_26" directorySegmentName="seg_0" id="F6FBAAB2-4DDD-1F97-B17C-BAB2A1A1AEC2">
<createdBy>alexandrarms</createdBy>
<createdTime>2025-09-15 05:04:30 UTC</createdTime>
<ownerDesignName>CENTROMEDICOU</ownerDesignName>
<engineerTo>
<item key="96E985E7-43CA-8CF7-3466-73CABD6FA129" value="true"/>
</engineerTo>
<sourcePk>A463C427-96B2-4FC0-1638-62592E18688D</sourcePk>
<identifying>false</identifying>
<optionalSource>true</optionalSource>
<optionalTarget>false</optionalTarget>
<sourceCardinality>1</sourceCardinality>
<sourceEntity>B09F8CF6-CE53-A3A0-3BCC-69E9E6847E7F</sourceEntity>
<targetCardinalityString>*</targetCardinalityString>
<targetEntity>ED4CB88B-B06D-5AA3-5E06-7B1453AA6532</targetEntity>
<transferable>true</transferable>
<deleteRule>NO ACTION</deleteRule>
</Relation>